1832-01-01,24.935,1372,Brazil
1832-02-01,24.505000000000006,1953,Brazil
1832-03-01,24.616999999999997,1359,Brazil
1832-04-01,23.99,2013,Brazil
1832-05-01,23.124000000000002,1592,Brazil
1832-06-01,22.924,1528,Brazil
1832-07-01,22.974,1.93,Brazil
1832-08-01,23,1568,Brazil
1832-09-01,23.56,1996,Brazil
1832-10-01,24.718000000000004,1592,Brazil
1832-11-01,24.354,997,Brazil
1832-12-01,23.861,2914,Brazil
1833-01-01,25.467,2016,Brazil
1833-02-01,25.451999999999998,1.33,Brazil
1833-03-01,24.421,1893,Brazil
1833-04-01,24.281999999999996,1378,Brazil
1833-05-01,23.250999999999998,1205,Brazil
1833-06-01,23.000999999999998,1431,Brazil
1833-07-01,22.874000000000002,1221,Brazil
1833-08-01,23.824,1518,Brazil
1833-09-01,24.636,1186,Brazil
1833-10-01,24.456999999999997,1136,Brazil
1833-11-01,26.822,1317,Brazil
1833-12-01,25.726999999999997,1.77,Brazil
1834-01-01,23.798,1419,Brazil
1834-02-01,24.996,1707,Brazil
1834-03-01,25.35,1702,Brazil
1834-04-01,24.184,1.7380000000000002,Brazil
1834-05-01,24.168000000000003,1185,Brazil
1834-06-01,22.409,1829,Brazil
1834-07-01,23.25,1352,Brazil
1834-08-01,23.568,1142,Brazil
1834-09-01,24.71,1929,Brazil
1834-10-01,24.581,1144,Brazil
1834-11-01,25.552,1606,Brazil
1834-12-01,25.595,1224,Brazil
1835-01-01,25.861,1145,Brazil
1835-02-01,25.271,1604,Brazil
1835-03-01,23.82,1.41,Brazil
1835-04-01,23.654,1712,Brazil
1835-05-01,22.573,1.1,Brazil
1835-06-01,21.975,1.47,Brazil
1835-07-01,22.410999999999998,1.3969999999999998,Brazil
1835-08-01,22.891,973,Brazil
1835-09-01,22.838,1234,Brazil
1835-10-01,24.009,1096,Brazil
1835-11-01,23.75,1258,Brazil
1835-12-01,23.397,1.1840000000000002,Brazil
1836-01-01,25.003,969,Brazil
1836-02-01,24.885,1357,Brazil
1836-03-01,25.204,1019,Brazil
1836-04-01,23.345,1022,Brazil
1836-05-01,22.525,1.03,Brazil
1836-06-01,22.469,1081,Brazil
1836-07-01,23.116999999999997,1521,Brazil
1836-08-01,23.357,1444,Brazil
1836-09-01,23.565,1579,Brazil
1836-10-01,24.694000000000006,3065,Brazil
1836-11-01,23.908,1.3230000000000002,Brazil
1836-12-01,24.982,1703,Brazil
1837-01-01,25.249,1495,Brazil
1837-02-01,24.798,1.2819999999999998,Brazil
1837-03-01,23.316,1335,Brazil
1837-04-01,22.601,1143,Brazil
1837-05-01,22.588,1261,Brazil
1837-06-01,21.866,1405,Brazil
1837-07-01,22.546999999999997,1.14,Brazil
1837-08-01,23.473000000000003,997,Brazil
1837-09-01,23.95,1098,Brazil
1837-10-01,24.043000000000003,1784,Brazil
1837-11-01,24.181,1.5619999999999998,Brazil
1837-12-01,24.695,2438,Brazil
1838-01-01,22.796000000000006,1732,Brazil
1838-02-01,23.862,1155,Brazil
1838-03-01,23.493,1206,Brazil
1838-04-01,23.575,1126,Brazil
1838-05-01,22.436999999999998,938,Brazil
1838-06-01,22.730999999999998,1.25,Brazil
1838-07-01,23.518,2309,Brazil
1838-08-01,23.624,2029,Brazil
1838-09-01,24.203000000000003,1192,Brazil
1838-10-01,24.875999999999998,2439,Brazil
1838-11-01,24.595,1.78,Brazil
1838-12-01,25.013,1766,Brazil
1839-01-01,25.086,1202,Brazil
1839-02-01,25.546000000000006,1.34,Brazil
1839-03-01,22.77,1055,Brazil
1839-04-01,24.213,1265,Brazil
1839-05-01,23.043000000000003,885,Brazil
1839-06-01,22.56,1014,Brazil
1839-07-01,23.155,2079,Brazil
1839-08-01,24.123,1479,Brazil
1839-09-01,23.761,1153,Brazil
1839-10-01,24.186,1386,Brazil
1839-11-01,23.704,1.4480000000000002,Brazil
1839-12-01,23.500999999999998,1334,Brazil
1840-01-01,25.534,1253,Brazil
1840-02-01,24.671000000000006,1.5719999999999998,Brazil
1840-03-01,23.465,0.95,Brazil
1840-04-01,24.026999999999997,1645,Brazil
1840-05-01,23.831999999999997,1231,Brazil
1840-06-01,23.215999999999998,1176,Brazil
1840-07-01,23.612,1027,Brazil
1840-08-01,23.29,1001,Brazil
1840-09-01,24.235,1112,Brazil
1840-10-01,24.389000000000006,1401,Brazil
1840-11-01,24.243000000000002,2041,Brazil
1840-12-01,24.656999999999996,1432,Brazil
1841-01-01,24.131,1435,Brazil
1841-02-01,24.523000000000003,1016,Brazil
1841-03-01,23.846999999999998,2296,Brazil
1841-04-01,23.55,1.2819999999999998,Brazil
1841-05-01,23.386999999999997,967,Brazil
1841-06-01,22.826,1.0,Brazil
1841-07-01,23.441999999999997,1.11,Brazil
1841-08-01,23.923,1034,Brazil
1841-09-01,23.956,945,Brazil
1841-10-01,24.723000000000006,1087,Brazil
1841-11-01,24.517,915,Brazil
1841-12-01,24.377,1519,Brazil
1842-01-01,24.965999999999998,1274,Brazil
1842-02-01,25.171000000000006,1295,Brazil
1842-03-01,25.861,1584,Brazil
1842-04-01,24.749,1.4069999999999998,Brazil
1842-05-01,23.256999999999998,1032,Brazil
1842-06-01,22.885,1221,Brazil
1842-07-01,22.976,1246,Brazil
1842-08-01,23.680999999999997,1062,Brazil
1842-09-01,23.581,1078,Brazil
1842-10-01,24.391,1064,Brazil
1842-11-01,24.661,1231,Brazil
1842-12-01,25.67,1093,Brazil
1843-01-01,25.984,1.19,Brazil
1843-02-01,26.24,1129,Brazil
1843-03-01,24.74,1107,Brazil
1843-04-01,24.048,1146,Brazil
1843-05-01,23.252,1278,Brazil
1843-06-01,22.427,1086,Brazil
1843-07-01,22.655,1005,Brazil
1843-08-01,23.869,1344,Brazil
1843-09-01,24.446,949,Brazil
1843-10-01,24.739,1223,Brazil
1843-11-01,24.829,0.8740000000000001,Brazil
1843-12-01,26.061999999999998,1806,Brazil
1844-01-01,,,Brazil
1844-02-01,,,Brazil
1844-03-01,,,Brazil
1844-04-01,,,Brazil
1844-05-01,,,Brazil
1844-06-01,,,Brazil
1844-07-01,,,Brazil
1844-08-01,,,Brazil
1844-09-01,,,Brazil
1844-10-01,,,Brazil
1844-11-01,,,Brazil
1844-12-01,,,Brazil
1845-01-01,25.570999999999998,1.3090000000000002,Brazil
1845-02-01,24.276000000000003,2074,Brazil
1845-03-01,24.686999999999998,911,Brazil
1845-04-01,24.186,1054,Brazil
1845-05-01,23.241999999999997,1.1840000000000002,Brazil
1845-06-01,22.636000000000006,1087,Brazil
1845-07-01,23.233,1.04,Brazil
1845-08-01,23.905,924,Brazil
1845-09-01,24.393,1035,Brazil
1845-10-01,,,Brazil
1845-11-01,,,Brazil
1845-12-01,,,Brazil
1846-01-01,26.465999999999998,1.34,Brazil
1846-02-01,25.815,1172,Brazil
1846-03-01,26.238000000000003,1187,Brazil
1846-04-01,23.798,1198,Brazil
1846-05-01,23.721,1.3869999999999998,Brazil
1846-06-01,23.646,1.28,Brazil
1846-07-01,23.872,1379,Brazil
1846-08-01,24.416,1056,Brazil
1846-09-01,24.652,1244,Brazil
1846-10-01,24.522,964,Brazil
1846-11-01,24.961,1283,Brazil
1846-12-01,25.733,0.9,Brazil
1847-01-01,25.566999999999997,3353,Brazil
1847-02-01,25.589,912,Brazil
1847-03-01,23.865,1622,Brazil
1847-04-01,24.046,1039,Brazil
1847-05-01,23.026999999999997,988,Brazil
1847-06-01,22.563,1205,Brazil
1847-07-01,23.238000000000003,1124,Brazil
1847-08-01,23.775,948,Brazil
1847-09-01,24.58,942,Brazil
1847-10-01,24.754,932,Brazil
1847-11-01,25.415,904,Brazil
1847-12-01,23.941999999999997,1421,Brazil
1848-01-01,23.781,1.3119999999999998,Brazil
1848-02-01,25.889000000000006,1064,Brazil
1848-03-01,24.561,913,Brazil
1848-04-01,24.285999999999998,997,Brazil
1848-05-01,23.068,1156,Brazil
1848-06-01,22.831999999999997,1396,Brazil
1848-07-01,23.345,1495,Brazil
1848-08-01,23.644,1214,Brazil
1848-09-01,24.092,1169,Brazil
1848-10-01,24.961,987,Brazil
1848-11-01,24.898000000000003,916,Brazil
1848-12-01,24.599,1185,Brazil
1849-01-01,25.315,1.01,Brazil
1849-02-01,25.139000000000006,1081,Brazil
1849-03-01,25.345,1.33,Brazil
1849-04-01,23.405,1182,Brazil
1849-05-01,22.768,0.87,Brazil
1849-06-01,22.916999999999998,1237,Brazil
1849-07-01,23.348000000000003,1067,Brazil
1849-08-01,23.901999999999997,1015,Brazil
1849-09-01,24.242,1032,Brazil
1849-10-01,25.103,1085,Brazil
1849-11-01,25.347,1204,Brazil
1849-12-01,23.892,983,Brazil
1850-01-01,24.061999999999998,1175,Brazil
1850-02-01,25.539,1089,Brazil
1850-03-01,24.866999999999997,1802,Brazil
1850-04-01,23.691999999999997,1381,Brazil
1850-05-01,22.748,969,Brazil
1850-06-01,22.98,1034,Brazil
1850-07-01,,,Brazil
1850-08-01,24.176,942,Brazil
1850-09-01,24.551,0.96,Brazil
1850-10-01,24.468000000000004,1004,Brazil
1850-11-01,24.604,1289,Brazil
1850-12-01,24.643,1018,Brazil
1851-01-01,25.414,735,Brazil
1851-02-01,25.06,792,Brazil
1851-03-01,24.234,936,Brazil
1851-04-01,24.004,1401,Brazil
1851-05-01,23.566999999999997,0.7979999999999999,Brazil
1851-06-01,23.046,0.83,Brazil
1851-07-01,23.616999999999997,1207,Brazil
1851-08-01,24.073,1068,Brazil
1851-09-01,24.492,809,Brazil
1851-10-01,25.073,1541,Brazil
1851-11-01,24.642,0.97,Brazil
1851-12-01,24.886,2344,Brazil
1852-01-01,25.197000000000006,1.79,Brazil
1852-02-01,24.767000000000003,802,Brazil
1852-03-01,24.331,1374,Brazil
1852-04-01,24.065,1189,Brazil
1852-05-01,23.971999999999998,882,Brazil
1852-06-01,23.099,0.89,Brazil
1852-07-01,23.45,1036,Brazil
1852-08-01,23.673,0.8370000000000001,Brazil
1852-09-01,24.553,862,Brazil
1852-10-01,24.888,772,Brazil
1852-11-01,24.708000000000002,1053,Brazil
1852-12-01,25.616,1242,Brazil
1853-01-01,24.939,947,Brazil
1853-02-01,24.372,987,Brazil
1853-03-01,24.239,1203,Brazil
1853-04-01,24.245,1052,Brazil
1853-05-01,23.578000000000003,738,Brazil
1853-06-01,23.131999999999998,838,Brazil
1853-07-01,23.654,0.78,Brazil
1853-08-01,24.433000000000003,906,Brazil
1853-09-01,24.951,0.86,Brazil
1853-10-01,24.934,851,Brazil
1853-11-01,24.989,1.3869999999999998,Brazil
1853-12-01,24.976999999999997,948,Brazil
1854-01-01,24.274,1284,Brazil
1854-02-01,24.473000000000006,1089,Brazil
1854-03-01,24.639,995,Brazil
1854-04-01,24.358,0.8909999999999999,Brazil
1854-05-01,23.77,785,Brazil
1854-06-01,22.982000000000006,1077,Brazil
1854-07-01,23.648000000000003,996,Brazil
1854-08-01,24.226999999999997,1008,Brazil
1854-09-01,24.818,0.7929999999999999,Brazil
1854-10-01,25.929,996,Brazil
1854-11-01,25.276,0.89,Brazil
1854-12-01,25.186999999999998,1742,Brazil
1855-01-01,25.844,1519,Brazil
1855-02-01,25.430000000000003,1156,Brazil
1855-03-01,24.982,809,Brazil
1855-04-01,24.989,1132,Brazil
1855-05-01,24.066999999999997,1.0,Brazil
1855-06-01,23.189,1086,Brazil
1855-07-01,23.147,858,Brazil
1855-08-01,24.175,769,Brazil
1855-09-01,24.49,687,Brazil
1855-10-01,24.815,1134,Brazil
1855-11-01,24.941,768,Brazil
1855-12-01,23.822,1645,Brazil
1856-01-01,24.926,863,Brazil
1856-02-01,24.198,1105,Brazil
1856-03-01,24.147,1.19,Brazil
1856-04-01,24.226,784,Brazil
1856-05-01,23.241,1.04,Brazil
1856-06-01,23.182,1166,Brazil
1856-07-01,22.881999999999998,921,Brazil
1856-08-01,23.408,898,Brazil
1856-09-01,23.959,935,Brazil
1856-10-01,24.162,773,Brazil
1856-11-01,24.698,851,Brazil
1856-12-01,24.554,1319,Brazil
1857-01-01,24.642000000000003,1056,Brazil
1857-02-01,24.649,1245,Brazil
1857-03-01,24.369,1009,Brazil
1857-04-01,22.976,0.87,Brazil
1857-05-01,22.834,843,Brazil
1857-06-01,22.66,825,Brazil
1857-07-01,23.191,903,Brazil
1857-08-01,23.516,804,Brazil
1857-09-01,24.231,846,Brazil
1857-10-01,24.58,934,Brazil
1857-11-01,25.263,1087,Brazil
1857-12-01,25.253,875,Brazil
1858-01-01,25.206999999999997,1567,Brazil
1858-02-01,24.625999999999998,789,Brazil
1858-03-01,24.726,0.98,Brazil
1858-04-01,24.397,1.3259999999999998,Brazil
1858-05-01,23.706999999999997,1075,Brazil
1858-06-01,22.480999999999998,1.11,Brazil
1858-07-01,22.399,915,Brazil
1858-08-01,23.519,934,Brazil
1858-09-01,23.77,1.59,Brazil
1858-10-01,24.339,1026,Brazil
1858-11-01,24.994,1084,Brazil
1858-12-01,23.719,969,Brazil
1859-01-01,24.494,942,Brazil
1859-02-01,24.62,965,Brazil
1859-03-01,25.323,0.96,Brazil
1859-04-01,25.183000000000003,1063,Brazil
1859-05-01,24.019,895,Brazil
1859-06-01,23.053,1071,Brazil
1859-07-01,22.819000000000003,1161,Brazil
1859-08-01,23.509,0.88,Brazil
1859-09-01,24.343000000000004,0.8,Brazil
1859-10-01,25.246,969,Brazil
1859-11-01,25.119,1186,Brazil
1859-12-01,24.688,1097,Brazil
1860-01-01,24.985000000000007,915,Brazil
1860-02-01,24.706000000000003,835,Brazil
1860-03-01,23.924,1142,Brazil
1860-04-01,24.33,965,Brazil
1860-05-01,23.663,0.8690000000000001,Brazil
1860-06-01,23.4,999,Brazil
1860-07-01,23.608,0.8809999999999999,Brazil
1860-08-01,24.951999999999998,1102,Brazil
1860-09-01,25.576,1164,Brazil
1860-10-01,25.491,941,Brazil
1860-11-01,24.61,887,Brazil
1860-12-01,23.798,1006,Brazil
1861-01-01,23.729000000000006,1154,Brazil
1861-02-01,24.65,0.8220000000000001,Brazil
1861-03-01,24.551,0.8590000000000001,Brazil
1861-04-01,24.401,812,Brazil
1861-05-01,23.438000000000002,838,Brazil
1861-06-01,22.688,1136,Brazil
1861-07-01,22.614,1127,Brazil
1861-08-01,24.46,858,Brazil
1861-09-01,24.614,805,Brazil
1861-10-01,24.56,0.8420000000000001,Brazil
1861-11-01,25.019000000000002,1325,Brazil
1861-12-01,24.497,1612,Brazil
1862-01-01,23.816000000000006,1006,Brazil
1862-02-01,24.105,1122,Brazil
1862-03-01,24.561999999999998,746,Brazil
1862-04-01,24.098000000000006,931,Brazil
1862-05-01,24.01,1332,Brazil
1862-06-01,22.986,1119,Brazil
1862-07-01,22.665,967,Brazil
1862-08-01,23.336,1023,Brazil
1862-09-01,23.994,1.14,Brazil
1862-10-01,24.849,1138,Brazil
1862-11-01,24.639,1129,Brazil
1862-12-01,24.031,1134,Brazil
1863-01-01,25.765,1661,Brazil
1863-02-01,25.12,2093,Brazil
1863-03-01,24.486,787,Brazil
1863-04-01,24.485,1208,Brazil
1863-05-01,23.531,1077,Brazil
1863-06-01,23.021,1164,Brazil
1863-07-01,22.836,1039,Brazil
1863-08-01,23.416,0.8340000000000001,Brazil
1863-09-01,24.019000000000002,1124,Brazil
1863-10-01,24.412000000000006,0.87,Brazil
1863-11-01,24.625,0.7979999999999999,Brazil
1863-12-01,24.605999999999998,1107,Brazil
1864-01-01,24.404000000000003,0.92,Brazil
1864-02-01,24.534,1.22,Brazil
1864-03-01,24.348000000000003,0.8540000000000001,Brazil
1864-04-01,23.999,932,Brazil
1864-05-01,23.831999999999997,857,Brazil
1864-06-01,23.12,935,Brazil
1864-07-01,23.105,0.8220000000000001,Brazil
1864-08-01,23.62,961,Brazil
1864-09-01,24.663,1139,Brazil
1864-10-01,24.886999999999997,0.8420000000000001,Brazil
1864-11-01,24.758000000000003,958,Brazil
1864-12-01,24.307,1225,Brazil
1865-01-01,25.519,895,Brazil
1865-02-01,24.144,1072,Brazil
1865-03-01,23.916,0.7709999999999999,Brazil
1865-04-01,23.861,994,Brazil
1865-05-01,23.61,1002,Brazil
1865-06-01,23.188,1069,Brazil
1865-07-01,23.146,846,Brazil
1865-08-01,23.89,0.8290000000000001,Brazil
1865-09-01,24.599,0.96,Brazil
1865-10-01,25.108,935,Brazil
1865-11-01,25.363000000000003,1.04,Brazil
1865-12-01,24.428,1205,Brazil
1866-01-01,25.42,0.7929999999999999,Brazil
1866-02-01,24.175,1039,Brazil
1866-03-01,24.146,1.3219999999999998,Brazil
1866-04-01,24.116999999999997,931,Brazil
1866-05-01,23.756999999999998,1.02,Brazil
1866-06-01,22.616999999999997,0.78,Brazil
1866-07-01,23.553,955,Brazil
1866-08-01,24.108,981,Brazil
1866-09-01,24.916,823,Brazil
1866-10-01,24.62,0.7879999999999999,Brazil
1866-11-01,25.267,823,Brazil
1866-12-01,25.368,0.94,Brazil
1867-01-01,24.733,1.4280000000000002,Brazil
1867-02-01,24.676,823,Brazil
1867-03-01,24.362,949,Brazil
1867-04-01,24.51,938,Brazil
1867-05-01,23.575,769,Brazil
1867-06-01,23.266,0.8079999999999999,Brazil
1867-07-01,23.198,863,Brazil
1867-08-01,24.156999999999996,954,Brazil
1867-09-01,24.904,828,Brazil
1867-10-01,25.149,863,Brazil
1867-11-01,25.82,1577,Brazil
1867-12-01,25.569000000000003,1337,Brazil
1868-01-01,24.988000000000003,825,Brazil
1868-02-01,24.389000000000006,1306,Brazil
1868-03-01,24.745,851,Brazil
1868-04-01,24.225,947,Brazil
1868-05-01,24.035999999999998,944,Brazil
1868-06-01,23.522,1.17,Brazil
1868-07-01,23.805999999999997,1126,Brazil
1868-08-01,24.444000000000003,0.93,Brazil
1868-09-01,25.07,873,Brazil
1868-10-01,25.725,807,Brazil
1868-11-01,25.127,967,Brazil
1868-12-01,25.248,1158,Brazil
1869-01-01,25.354000000000006,1211,Brazil
1869-02-01,25.748,1104,Brazil
1869-03-01,24.627,927,Brazil
1869-04-01,24.684,1209,Brazil
1869-05-01,24.6,0.86,Brazil
1869-06-01,23.747,1365,Brazil
1869-07-01,23.49,934,Brazil
1869-08-01,24.31,894,Brazil
1869-09-01,25.298000000000002,0.7809999999999999,Brazil
1869-10-01,25.171999999999997,0.8270000000000001,Brazil
1869-11-01,25.304000000000002,747,Brazil
1869-12-01,24.634,0.84,Brazil
1870-01-01,24.98,0.88,Brazil
1870-02-01,24.718000000000004,1047,Brazil
1870-03-01,24.704,887,Brazil
1870-04-01,24.293000000000003,1043,Brazil
1870-05-01,24.195999999999998,892,Brazil
1870-06-01,23.691999999999997,0.79,Brazil
1870-07-01,23.705,799,Brazil
1870-08-01,23.995,0.79,Brazil
1870-09-01,24.918000000000003,0.9,Brazil
1870-10-01,25.607,1012,Brazil
1870-11-01,25.194000000000003,1037,Brazil
1870-12-01,24.518,1217,Brazil
1871-01-01,24.768,847,Brazil
1871-02-01,24.5,1.09,Brazil
1871-03-01,25.078000000000003,765,Brazil
1871-04-01,24.715999999999998,0.76,Brazil
1871-05-01,23.682,835,Brazil
1871-06-01,23.034,0.7390000000000001,Brazil
1871-07-01,23.122,795,Brazil
1871-08-01,24.328000000000003,0.75,Brazil
1871-09-01,24.886999999999997,762,Brazil
1871-10-01,25.423,831,Brazil
1871-11-01,24.825,883,Brazil
1871-12-01,24.874,773,Brazil
1872-01-01,25.046999999999997,1988,Brazil
1872-02-01,24.973000000000006,1165,Brazil
1872-03-01,25.045,1105,Brazil
1872-04-01,24.043000000000003,984,Brazil
1872-05-01,23.663,0.7759999999999999,Brazil
1872-06-01,22.823,828,Brazil
1872-07-01,23.083000000000002,947,Brazil
1872-08-01,24.289,847,Brazil
1872-09-01,25.347,923,Brazil
1872-10-01,25.344,852,Brazil
1872-11-01,25.007,847,Brazil
1872-12-01,24.565,1.5659999999999998,Brazil
1873-01-01,25.316999999999997,927,Brazil
1873-02-01,25.371,936,Brazil
1873-03-01,24.645,0.8640000000000001,Brazil
1873-04-01,24.249,1204,Brazil
1873-05-01,24.653000000000002,835,Brazil
1873-06-01,23.829,0.93,Brazil
1873-07-01,23.416,0.82,Brazil
1873-08-01,24.553,0.7709999999999999,Brazil
1873-09-01,24.987,1055,Brazil
1873-10-01,25.373,821,Brazil
1873-11-01,25.142,757,Brazil
1873-12-01,25.366,0.7879999999999999,Brazil
1874-01-01,25.136999999999997,916,Brazil
1874-02-01,25.024,757,Brazil
1874-03-01,24.483,743,Brazil
1874-04-01,24.445999999999998,866,Brazil
1874-05-01,23.659000000000002,873,Brazil
1874-06-01,23.114,1103,Brazil
1874-07-01,23.057,1039,Brazil
1874-08-01,24.017,1178,Brazil
1874-09-01,25.163,736,Brazil
1874-10-01,25.155,748,Brazil
1874-11-01,24.726999999999997,1056,Brazil
1874-12-01,24.622,1.11,Brazil
1875-01-01,24.375,723,Brazil
1875-02-01,24.526999999999997,0.8590000000000001,Brazil
1875-03-01,23.987,825,Brazil
1875-04-01,23.844,958,Brazil
1875-05-01,23.406999999999996,907,Brazil
1875-06-01,22.525,1025,Brazil
1875-07-01,22.75,1111,Brazil
1875-08-01,23.346,872,Brazil
1875-09-01,24.358,0.7829999999999999,Brazil
1875-10-01,24.71,765,Brazil
1875-11-01,24.236,0.78,Brazil
1875-12-01,24.894,1.3969999999999998,Brazil
1876-01-01,24.855999999999998,797,Brazil
1876-02-01,24.695,0.8540000000000001,Brazil
1876-03-01,24.872,1.02,Brazil
1876-04-01,24.237,0.7879999999999999,Brazil
1876-05-01,23.76,0.8079999999999999,Brazil
1876-06-01,22.741999999999997,0.8490000000000001,Brazil
1876-07-01,23.301,991,Brazil
1876-08-01,23.598000000000003,758,Brazil
1876-09-01,24.804000000000002,868,Brazil
1876-10-01,25.073,799,Brazil
1876-11-01,24.6,1086,Brazil
1876-12-01,24.054,1155,Brazil
1877-01-01,24.984,1116,Brazil
1877-02-01,25.254,1139,Brazil
1877-03-01,25.656,1006,Brazil
1877-04-01,24.851999999999997,895,Brazil
1877-05-01,23.889,0.8009999999999999,Brazil
1877-06-01,23.335,1.15,Brazil
1877-07-01,24.171999999999997,1054,Brazil
1877-08-01,24.406,841,Brazil
1877-09-01,25.353,755,Brazil
1877-10-01,25.750999999999998,899,Brazil
1877-11-01,25.564,0.85,Brazil
1877-12-01,24.873,1.5519999999999998,Brazil
1878-01-01,25.000999999999998,1167,Brazil
1878-02-01,26.040000000000006,1116,Brazil
1878-03-01,26.756,779,Brazil
1878-04-01,25.6,1141,Brazil
1878-05-01,23.526999999999997,0.7829999999999999,Brazil
1878-06-01,23.726000000000006,1164,Brazil
1878-07-01,23.81,866,Brazil
1878-08-01,24.208,0.8140000000000001,Brazil
1878-09-01,25.295,789,Brazil
1878-10-01,25.399,0.8740000000000001,Brazil
1878-11-01,25.791,882,Brazil
1878-12-01,24.973000000000003,1032,Brazil
1879-01-01,24.92,968,Brazil
1879-02-01,24.921999999999997,843,Brazil
1879-03-01,24.728,759,Brazil
1879-04-01,23.962,763,Brazil
1879-05-01,23.284000000000002,0.7609999999999999,Brazil
1879-06-01,22.655,1063,Brazil
1879-07-01,23.285,961,Brazil
1879-08-01,23.340999999999998,737,Brazil
1879-09-01,24.22,794,Brazil
1879-10-01,25.17,1001,Brazil
1879-11-01,24.999000000000002,0.74,Brazil
1879-12-01,24.28,968,Brazil
1880-01-01,24.491999999999997,1.07,Brazil
1880-02-01,24.410999999999998,728,Brazil
1880-03-01,24.649,0.7070000000000001,Brazil
1880-04-01,23.886999999999997,1094,Brazil
1880-05-01,23.905,763,Brazil
1880-06-01,23.428,0.7240000000000001,Brazil
1880-07-01,23.517,906,Brazil
1880-08-01,24.686,809,Brazil
1880-09-01,24.305,1.4409999999999998,Brazil
1880-10-01,24.741,809,Brazil
1880-11-01,25.136999999999997,1.03,Brazil
1880-12-01,24.951,738,Brazil
1881-01-01,25.065,795,Brazil
1881-02-01,24.744000000000003,0.8029999999999999,Brazil
1881-03-01,25.291,0.7390000000000001,Brazil
1881-04-01,24.479,768,Brazil
1881-05-01,23.875999999999998,735,Brazil
1881-06-01,22.781999999999996,792,Brazil
1881-07-01,23.063000000000002,723,Brazil
1881-08-01,23.756,848,Brazil
1881-09-01,25.152,0.8029999999999999,Brazil
1881-10-01,25.264,775,Brazil
1881-11-01,24.696,753,Brazil
1881-12-01,25.049,0.8059999999999999,Brazil
1882-01-01,25.318,1156,Brazil
1882-02-01,24.962000000000003,1093,Brazil
1882-03-01,24.807,753,Brazil
1882-04-01,23.845,0.7929999999999999,Brazil
1882-05-01,23.605999999999998,826,Brazil
1882-06-01,22.518,0.77,Brazil
1882-07-01,22.371,0.8,Brazil
1882-08-01,23.947,0.8959999999999999,Brazil
1882-09-01,24.533,792,Brazil
1882-10-01,24.912000000000006,737,Brazil
1882-11-01,24.399,0.8029999999999999,Brazil
1882-12-01,23.622,757,Brazil
1883-01-01,24.195999999999998,969,Brazil
1883-02-01,24.284,0.8270000000000001,Brazil
1883-03-01,25.022,0.8390000000000001,Brazil
1883-04-01,23.944000000000006,823,Brazil
1883-05-01,23.578000000000003,0.7659999999999999,Brazil
1883-06-01,23.096,768,Brazil
1883-07-01,22.881999999999998,0.7759999999999999,Brazil
1883-08-01,23.263,845,Brazil
1883-09-01,24.412,0.7340000000000001,Brazil
1883-10-01,25.096999999999998,764,Brazil
1883-11-01,24.491,0.7509999999999999,Brazil
1883-12-01,24.803,821,Brazil
1884-01-01,24.334000000000003,1.1840000000000002,Brazil
1884-02-01,24.426,989,Brazil
1884-03-01,24.253,907,Brazil
1884-04-01,23.666999999999998,784,Brazil
1884-05-01,22.873,777,Brazil
1884-06-01,22.373,892,Brazil
1884-07-01,22.819000000000003,741,Brazil
1884-08-01,24.504,741,Brazil
1884-09-01,24.331,0.8640000000000001,Brazil
1884-10-01,24.596,0.7509999999999999,Brazil
1884-11-01,24.774,0.7979999999999999,Brazil
1884-12-01,24.62,927,Brazil
1885-01-01,24.105999999999998,958,Brazil
1885-02-01,24.475,972,Brazil
1885-03-01,24.230999999999998,774,Brazil
1885-04-01,24.217,901,Brazil
1885-05-01,23.83,1023,Brazil
1885-06-01,22.638,967,Brazil
1885-07-01,23.279,996,Brazil
1885-08-01,23.772,0.8959999999999999,Brazil
1885-09-01,24.953000000000003,0.9,Brazil
1885-10-01,25.103,921,Brazil
1885-11-01,25.447,1042,Brazil
1885-12-01,25.685,1069,Brazil
1886-01-01,24.787000000000006,1192,Brazil
1886-02-01,23.965999999999998,879,Brazil
1886-03-01,24.615,0.7090000000000001,Brazil
1886-04-01,24.296999999999997,701,Brazil
1886-05-01,23.041999999999998,0.85,Brazil
1886-06-01,22.171,779,Brazil
1886-07-01,22.555999999999997,851,Brazil
1886-08-01,23.316999999999997,784,Brazil
1886-09-01,24.779,804,Brazil
1886-10-01,24.801,0.82,Brazil
1886-11-01,24.858,785,Brazil
1886-12-01,24.926,1088,Brazil
1887-01-01,24.040000000000006,933,Brazil
1887-02-01,24.502,1153,Brazil
1887-03-01,24.284000000000002,0.77,Brazil
1887-04-01,24.059,721,Brazil
1887-05-01,23.449,0.7140000000000001,Brazil
1887-06-01,23.059,0.8290000000000001,Brazil
1887-07-01,22.895,0.81,Brazil
1887-08-01,24.361,0.9,Brazil
1887-09-01,24.956,778,Brazil
1887-10-01,25.31,0.7190000000000001,Brazil
1887-11-01,25.111,0.84,Brazil
1887-12-01,25.324,0.8009999999999999,Brazil
1888-01-01,24.471999999999998,1141,Brazil
1888-02-01,24.654,905,Brazil
1888-03-01,24.465999999999998,773,Brazil
1888-04-01,24.000999999999998,0.7859999999999999,Brazil
1888-05-01,23.354,728,Brazil
1888-06-01,22.772,0.7240000000000001,Brazil
1888-07-01,23.228,0.6970000000000001,Brazil
1888-08-01,24.191999999999997,0.7120000000000001,Brazil
1888-09-01,25.787,1096,Brazil
1888-10-01,26.206999999999997,1043,Brazil
1888-11-01,25.899,1105,Brazil
1888-12-01,25.568,1088,Brazil
1889-01-01,25.483,0.8370000000000001,Brazil
1889-02-01,25.868,823,Brazil
1889-03-01,25.728,0.8490000000000001,Brazil
1889-04-01,25.054,0.7070000000000001,Brazil
1889-05-01,24.296,0.65,Brazil
1889-06-01,22.464,913,Brazil
1889-07-01,23.256999999999998,0.75,Brazil
1889-08-01,23.594,764,Brazil
1889-09-01,24.316999999999997,802,Brazil
1889-10-01,25.057,679,Brazil
1889-11-01,25.018,782,Brazil
1889-12-01,25.531999999999996,1069,Brazil
1890-01-01,24.461,1012,Brazil
1890-02-01,24.651,906,Brazil
1890-03-01,24.487,858,Brazil
1890-04-01,23.761,924,Brazil
1890-05-01,23.046,762,Brazil
1890-06-01,22.164,632,Brazil
1890-07-01,23.048000000000002,665,Brazil
1890-08-01,23.521,0.65,Brazil
1890-09-01,24.92,685,Brazil
1890-10-01,25.086,785,Brazil
1890-11-01,24.873,987,Brazil
1890-12-01,24.948,0.71,Brazil
1891-01-01,24.340999999999998,921,Brazil
1891-02-01,24.541,0.6759999999999999,Brazil
1891-03-01,24.747,0.62,Brazil
1891-04-01,24.191999999999997,547,Brazil
1891-05-01,23.52,632,Brazil
1891-06-01,23.06,588,Brazil
1891-07-01,22.776,0.5670000000000001,Brazil
1891-08-01,23.824,0.6459999999999999,Brazil
1891-09-01,24.934,0.62,Brazil
1891-10-01,25.16,602,Brazil
1891-11-01,25.092,588,Brazil
1891-12-01,24.982,0.6659999999999999,Brazil
1892-01-01,25.146,637,Brazil
1892-02-01,25.101000000000006,625,Brazil
1892-03-01,24.899,767,Brazil
1892-04-01,24.1,603,Brazil
1892-05-01,23.129,682,Brazil
1892-06-01,22.688,0.6609999999999999,Brazil
1892-07-01,22.366999999999997,941,Brazil
1892-08-01,23.5,642,Brazil
1892-09-01,24.665,591,Brazil
1892-10-01,25.064,659,Brazil
1892-11-01,24.668000000000003,0.6759999999999999,Brazil
1892-12-01,24.478,1393,Brazil
1893-01-01,24.087000000000003,0.6759999999999999,Brazil
1893-02-01,23.874,632,Brazil
1893-03-01,24.494,685,Brazil
1893-04-01,23.97,727,Brazil
1893-05-01,23.182,774,Brazil
1893-06-01,22.398000000000003,0.7959999999999999,Brazil
1893-07-01,22.955,0.6609999999999999,Brazil
1893-08-01,23.275,583,Brazil
1893-09-01,24.145,629,Brazil
1893-10-01,24.834,745,Brazil
1893-11-01,24.653000000000002,0.6779999999999999,Brazil
1893-12-01,25.06,0.6459999999999999,Brazil
1894-01-01,25.198,797,Brazil
1894-02-01,25.238000000000003,0.6709999999999999,Brazil
1894-03-01,24.953000000000003,733,Brazil
1894-04-01,23.923,642,Brazil
1894-05-01,23.535999999999998,0.6829999999999999,Brazil
1894-06-01,21.91,675,Brazil
1894-07-01,22.613000000000003,579,Brazil
1894-08-01,23.825,0.6409999999999999,Brazil
1894-09-01,24.908,0.5670000000000001,Brazil
1894-10-01,25.618,622,Brazil
1894-11-01,25.274,677,Brazil
1894-12-01,24.997,674,Brazil
1895-01-01,24.699,858,Brazil
1895-02-01,24.445999999999998,698,Brazil
1895-03-01,24.951,662,Brazil
1895-04-01,24.619,659,Brazil
1895-05-01,23.74,769,Brazil
1895-06-01,22.995,642,Brazil
1895-07-01,22.949,625,Brazil
1895-08-01,24.333,596,Brazil
1895-09-01,24.83,638,Brazil
1895-10-01,25.316000000000006,573,Brazil
1895-11-01,25.104,711,Brazil
1895-12-01,25.625999999999998,764,Brazil
1896-01-01,24.831999999999997,0.54,Brazil
1896-02-01,25.171999999999997,804,Brazil
1896-03-01,24.682,535,Brazil
1896-04-01,23.930999999999997,602,Brazil
1896-05-01,23.531,544,Brazil
1896-06-01,22.819000000000006,815,Brazil
1896-07-01,23.225,519,Brazil
1896-08-01,24.516,563,Brazil
1896-09-01,25.535,0.5579999999999999,Brazil
1896-10-01,25.539,632,Brazil
1896-11-01,25.584,644,Brazil
1896-12-01,25.685,599,Brazil
1897-01-01,25.226000000000006,988,Brazil
1897-02-01,24.987,525,Brazil
1897-03-01,25.016,0.68,Brazil
1897-04-01,25.070999999999998,0.5710000000000001,Brazil
1897-05-01,24.391,585,Brazil
1897-06-01,22.590999999999998,1012,Brazil
1897-07-01,22.197,0.8290000000000001,Brazil
1897-08-01,23.73,682,Brazil
1897-09-01,24.456999999999997,628,Brazil
1897-10-01,25.478,0.61,Brazil
1897-11-01,24.92,606,Brazil
1897-12-01,25.549,648,Brazil
1898-01-01,25.665000000000006,906,Brazil
1898-02-01,25.135,625,Brazil
1898-03-01,24.75,762,Brazil
1898-04-01,24.418000000000003,477,Brazil
1898-05-01,23.445999999999998,948,Brazil
1898-06-01,23.369,443,Brazil
1898-07-01,23.074,0.54,Brazil
1898-08-01,23.748,588,Brazil
1898-09-01,24.347,601,Brazil
1898-10-01,24.741999999999997,541,Brazil
1898-11-01,25.027,552,Brazil
1898-12-01,24.666,416,Brazil
1899-01-01,25.004,636,Brazil
1899-02-01,24.313,1077,Brazil
1899-03-01,24.756,736,Brazil
1899-04-01,24.625,966,Brazil
1899-05-01,24.054000000000002,0.7609999999999999,Brazil
1899-06-01,22.288,0.71,Brazil
1899-07-01,22.932,0.8420000000000001,Brazil
1899-08-01,24.491999999999997,929,Brazil
1899-09-01,24.894000000000002,682,Brazil
1899-10-01,25.16,887,Brazil
1899-11-01,25.714000000000002,0.55,Brazil
1899-12-01,25.133000000000003,0.6779999999999999,Brazil
1900-01-01,25.086,657,Brazil
1900-02-01,25.259,573,Brazil
1900-03-01,25.835,605,Brazil
1900-04-01,24.601999999999997,799,Brazil
1900-05-01,24.393,1133,Brazil
1900-06-01,23.518,934,Brazil
1900-07-01,23.81,0.8740000000000001,Brazil
1900-08-01,24.313,463,Brazil
1900-09-01,25.296999999999997,544,Brazil
1900-10-01,25.799,517,Brazil
1900-11-01,25.54,621,Brazil
1900-12-01,25.406,626,Brazil
1901-01-01,25.144,637,Brazil
1901-02-01,25.441000000000006,713,Brazil
1901-03-01,25.209,0.6629999999999999,Brazil
1901-04-01,24.345,772,Brazil
1901-05-01,23.815,635,Brazil
1901-06-01,23.406999999999996,556,Brazil
1901-07-01,24.01,642,Brazil
1901-08-01,24.82,0.7609999999999999,Brazil
1901-09-01,25.632,0.6609999999999999,Brazil
1901-10-01,25.78,593,Brazil
1901-11-01,25.216,618,Brazil
1901-12-01,24.511999999999997,405,Brazil
1902-01-01,24.934,0.74,Brazil
1902-02-01,24.993,458,Brazil
1902-03-01,24.656,481,Brazil
1902-04-01,24.398000000000003,442,Brazil
1902-05-01,24.412,0.7040000000000001,Brazil
1902-06-01,24.003,877,Brazil
1902-07-01,23.761,0.5329999999999999,Brazil
1902-08-01,23.660999999999998,0.6729999999999999,Brazil
1902-09-01,25.379,0.5870000000000001,Brazil
1902-10-01,25.173,517,Brazil
1902-11-01,25.698,472,Brazil
1902-12-01,25.462,617,Brazil
1903-01-01,25.198,731,Brazil
1903-02-01,25.491000000000003,618,Brazil
1903-03-01,25.366999999999997,0.5489999999999999,Brazil
1903-04-01,24.399,0.52,Brazil
1903-05-01,23.596999999999998,565,Brazil
1903-06-01,23.618,487,Brazil
1903-07-01,23.311999999999998,0.6920000000000001,Brazil
1903-08-01,24.000999999999998,536,Brazil
1903-09-01,24.854,615,Brazil
1903-10-01,25.021,529,Brazil
1903-11-01,25.04,416,Brazil
1903-12-01,24.997,614,Brazil
1904-01-01,24.526,639,Brazil
1904-02-01,24.540000000000006,682,Brazil
1904-03-01,24.574,486,Brazil
1904-04-01,24.008000000000003,653,Brazil
1904-05-01,23.024,523,Brazil
1904-06-01,22.471999999999998,0.8109999999999999,Brazil
1904-07-01,22.774,0.99,Brazil
1904-08-01,23.415,931,Brazil
1904-09-01,24.466,0.7390000000000001,Brazil
1904-10-01,24.454,764,Brazil
1904-11-01,24.959,602,Brazil
1904-12-01,24.734,385,Brazil
1905-01-01,24.733,0.6509999999999999,Brazil
1905-02-01,24.708,0.7390000000000001,Brazil
1905-03-01,24.636,639,Brazil
1905-04-01,24.237,499,Brazil
1905-05-01,24.675,0.6990000000000001,Brazil
1905-06-01,23.930999999999997,0.67,Brazil
1905-07-01,23.421999999999997,632,Brazil
1905-08-01,24.235,419,Brazil
1905-09-01,25.159000000000002,443,Brazil
1905-10-01,26.087,622,Brazil
1905-11-01,25.76,0.5529999999999999,Brazil
1905-12-01,25.293000000000003,519,Brazil
1906-01-01,24.875,0.7829999999999999,Brazil
1906-02-01,24.866999999999997,547,Brazil
1906-03-01,24.765,396,Brazil
1906-04-01,24.31,528,Brazil
1906-05-01,24.229,627,Brazil
1906-06-01,22.868,0.7240000000000001,Brazil
1906-07-01,23.188000000000002,435,Brazil
1906-08-01,24.294,752,Brazil
1906-09-01,24.757,376,Brazil
1906-10-01,25.308000000000003,0.35200000000000004,Brazil
1906-11-01,25.53,469,Brazil
1906-12-01,25.198,0.74,Brazil
1907-01-01,24.785999999999998,607,Brazil
1907-02-01,24.805000000000003,508,Brazil
1907-03-01,25.052,0.67,Brazil
1907-04-01,24.349,713,Brazil
1907-05-01,23.465999999999998,833,Brazil
1907-06-01,23.135,762,Brazil
1907-07-01,22.238000000000003,494,Brazil
1907-08-01,23.455,509,Brazil
1907-09-01,25.236,365,Brazil
1907-10-01,25.194000000000006,0.35,Brazil
1907-11-01,25.296999999999997,403,Brazil
1907-12-01,25.075,593,Brazil
1908-01-01,25.158,637,Brazil
1908-02-01,25.215,1017,Brazil
1908-03-01,24.886999999999997,0.8490000000000001,Brazil
1908-04-01,24.548,503,Brazil
1908-05-01,23.784000000000002,0.7559999999999999,Brazil
1908-06-01,23.294,677,Brazil
1908-07-01,23.546999999999997,0.5760000000000001,Brazil
1908-08-01,23.316999999999997,888,Brazil
1908-09-01,25.386999999999997,394,Brazil
1908-10-01,24.71,0.99,Brazil
1908-11-01,24.926,353,Brazil
1908-12-01,25.448,551,Brazil
1909-01-01,25.128,1.05,Brazil
1909-02-01,25.31,623,Brazil
1909-03-01,24.989,514,Brazil
1909-04-01,24.433000000000003,563,Brazil
1909-05-01,22.935,486,Brazil
1909-06-01,23.076,607,Brazil
1909-07-01,22.903000000000002,703,Brazil
1909-08-01,23.826999999999998,653,Brazil
1909-09-01,25.106,0.43,Brazil
1909-10-01,24.877,0.47,Brazil
1909-11-01,25.363000000000003,334,Brazil
1909-12-01,24.914,551,Brazil
1910-01-01,24.973000000000006,456,Brazil
1910-02-01,25.09,0.7879999999999999,Brazil
1910-03-01,24.685,0.5,Brazil
1910-04-01,24.605,606,Brazil
1910-05-01,23.188000000000002,435,Brazil
1910-06-01,23.404,409,Brazil
1910-07-01,23.085,789,Brazil
1910-08-01,24.269,0.33,Brazil
1910-09-01,25.121,384,Brazil
1910-10-01,24.880000000000006,455,Brazil
1910-11-01,24.91,471,Brazil
1910-12-01,24.807,424,Brazil
1911-01-01,24.583,329,Brazil
1911-02-01,25.026000000000003,416,Brazil
1911-03-01,24.230999999999998,428,Brazil
1911-04-01,24.239,588,Brazil
1911-05-01,23.621,0.47,Brazil
1911-06-01,22.706,496,Brazil
1911-07-01,22.505,391,Brazil
1911-08-01,23.814,311,Brazil
1911-09-01,24.87,532,Brazil
1911-10-01,25.016,0.35600000000000004,Brazil
1911-11-01,25.573,605,Brazil
1911-12-01,25.285,375,Brazil
1912-01-01,25.296999999999997,429,Brazil
1912-02-01,25.238000000000003,0.5870000000000001,Brazil
1912-03-01,24.84,369,Brazil
1912-04-01,24.719,0.4970000000000001,Brazil
1912-05-01,24.311999999999998,443,Brazil
1912-06-01,23.545,0.35600000000000004,Brazil
1912-07-01,22.339000000000002,564,Brazil
1912-08-01,24.155,348,Brazil
1912-09-01,24.349,399,Brazil
1912-10-01,24.997,612,Brazil
1912-11-01,25.174,606,Brazil
1912-12-01,24.765,331,Brazil
1913-01-01,24.863000000000003,349,Brazil
1913-02-01,24.754,674,Brazil
1913-03-01,25.131,578,Brazil
1913-04-01,24.758000000000003,0.49,Brazil
1913-05-01,23.711,289,Brazil
1913-06-01,23.214,369,Brazil
1913-07-01,23.37,596,Brazil
1913-08-01,24.0,0.3670000000000001,Brazil
1913-09-01,24.948,504,Brazil
1913-10-01,25.441000000000006,383,Brazil
1913-11-01,25.717,433,Brazil
1913-12-01,25.241,584,Brazil
1914-01-01,25.475,623,Brazil
1914-02-01,25.178,0.59,Brazil
1914-03-01,25.374000000000002,536,Brazil
1914-04-01,24.663,524,Brazil
1914-05-01,23.794,588,Brazil
1914-06-01,24.11,423,Brazil
1914-07-01,23.939,0.57,Brazil
1914-08-01,23.87,507,Brazil
1914-09-01,25.493000000000002,327,Brazil
1914-10-01,25.625999999999998,276,Brazil
1914-11-01,25.776,321,Brazil
1914-12-01,25.493,502,Brazil
1915-01-01,25.610000000000007,675,Brazil
1915-02-01,25.941000000000006,644,Brazil
1915-03-01,26.044,369,Brazil
1915-04-01,25.788,599,Brazil
1915-05-01,25.453000000000003,474,Brazil
1915-06-01,23.031999999999996,411,Brazil
1915-07-01,23.43,0.6509999999999999,Brazil
1915-08-01,24.79,0.4920000000000001,Brazil
1915-09-01,25.365,426,Brazil
1915-10-01,25.715999999999998,293,Brazil
1915-11-01,25.191999999999997,498,Brazil
1915-12-01,25.061999999999998,438,Brazil
1916-01-01,24.956000000000003,0.6559999999999999,Brazil
1916-02-01,24.99,542,Brazil
1916-03-01,24.761,672,Brazil
1916-04-01,24.679,436,Brazil
1916-05-01,24.135,304,Brazil
1916-06-01,22.506999999999998,449,Brazil
1916-07-01,22.572,0.5479999999999999,Brazil
1916-08-01,24.033,584,Brazil
1916-09-01,25.885,241,Brazil
1916-10-01,25.164,398,Brazil
1916-11-01,25.173000000000002,258,Brazil
1916-12-01,24.461,514,Brazil
1917-01-01,24.375,618,Brazil
1917-02-01,24.154000000000003,655,Brazil
1917-03-01,24.578000000000003,503,Brazil
1917-04-01,23.86,412,Brazil
1917-05-01,22.322,402,Brazil
1917-06-01,22.166,0.4970000000000001,Brazil
1917-07-01,22.389,614,Brazil
1917-08-01,23.151,747,Brazil
1917-09-01,24.684,0.87,Brazil
1917-10-01,24.531999999999996,0.6409999999999999,Brazil
1917-11-01,24.911,556,Brazil
1917-12-01,24.448,503,Brazil
1918-01-01,24.455,441,Brazil
1918-02-01,24.340999999999998,0.5670000000000001,Brazil
1918-03-01,24.561,512,Brazil
1918-04-01,24.255000000000006,404,Brazil
1918-05-01,23.935,365,Brazil
1918-06-01,23.02,305,Brazil
1918-07-01,22.71,339,Brazil
1918-08-01,23.668000000000003,393,Brazil
1918-09-01,24.983,0.34600000000000003,Brazil
1918-10-01,25.234,404,Brazil
1918-11-01,25.446,405,Brazil
1918-12-01,25.105999999999998,339,Brazil
1919-01-01,25.343000000000004,0.4970000000000001,Brazil
1919-02-01,25.531,514,Brazil
1919-03-01,25.48,718,Brazil
1919-04-01,25.174,0.8220000000000001,Brazil
1919-05-01,24.824,479,Brazil
1919-06-01,23.73,0.6709999999999999,Brazil
1919-07-01,23.428,0.63,Brazil
1919-08-01,23.399,569,Brazil
1919-09-01,25.121,464,Brazil
1919-10-01,25.548,335,Brazil
1919-11-01,25.385,445,Brazil
1919-12-01,25.078000000000003,313,Brazil
1920-01-01,25.287000000000006,408,Brazil
1920-02-01,25.245,0.5429999999999999,Brazil
1920-03-01,25.075,442,Brazil
1920-04-01,24.704,986,Brazil
1920-05-01,23.575,524,Brazil
1920-06-01,22.781999999999996,564,Brazil
1920-07-01,22.606,0.6729999999999999,Brazil
1920-08-01,23.371,341,Brazil
1920-09-01,24.753,386,Brazil
1920-10-01,25.416,0.39,Brazil
1920-11-01,25.305,406,Brazil
1920-12-01,24.8,277,Brazil
1921-01-01,24.897,325,Brazil
1921-02-01,24.975,289,Brazil
1921-03-01,25.003,385,Brazil
1921-04-01,24.122,336,Brazil
1921-05-01,24.044,0.35100000000000003,Brazil
1921-06-01,21.796999999999997,812,Brazil
1921-07-01,21.865,444,Brazil
1921-08-01,24.311,527,Brazil
1921-09-01,24.784000000000002,395,Brazil
1921-10-01,25.185,462,Brazil
1921-11-01,24.974,496,Brazil
1921-12-01,25.358,309,Brazil
1922-01-01,25.221,325,Brazil
1922-02-01,25.201999999999998,0.39,Brazil
1922-03-01,25.083000000000002,313,Brazil
1922-04-01,24.671999999999997,318,Brazil
1922-05-01,23.828000000000003,222,Brazil
1922-06-01,23.044,261,Brazil
1922-07-01,22.88,393,Brazil
1922-08-01,24.346,341,Brazil
1922-09-01,25.154,265,Brazil
1922-10-01,24.686999999999998,527,Brazil
1922-11-01,25.074,458,Brazil
1922-12-01,24.813,0.29,Brazil
1923-01-01,24.752,469,Brazil
1923-02-01,24.85,299,Brazil
1923-03-01,24.903000000000002,322,Brazil
1923-04-01,24.493,387,Brazil
1923-05-01,23.248,269,Brazil
1923-06-01,23.128,0.32,Brazil
1923-07-01,22.171,413,Brazil
1923-08-01,23.986,407,Brazil
1923-09-01,24.953000000000003,0.6579999999999999,Brazil
1923-10-01,25.046,377,Brazil
1923-11-01,25.203000000000003,411,Brazil
1923-12-01,25.563,0.28300000000000003,Brazil
1924-01-01,25.392000000000003,237,Brazil
1924-02-01,25.131999999999998,373,Brazil
1924-03-01,25.456,327,Brazil
1924-04-01,24.783,345,Brazil
1924-05-01,23.719,298,Brazil
1924-06-01,23.246,412,Brazil
1924-07-01,22.898000000000003,217,Brazil
1924-08-01,23.031,314,Brazil
1924-09-01,24.849,261,Brazil
1924-10-01,24.516,237,Brazil
1924-11-01,25.272,258,Brazil
1924-12-01,24.884,0.4320000000000001,Brazil
1925-01-01,24.718000000000004,408,Brazil
1925-02-01,24.871,383,Brazil
1925-03-01,24.785999999999998,366,Brazil
1925-04-01,25.06,243,Brazil
1925-05-01,24.076,263,Brazil
1925-06-01,22.790000000000006,391,Brazil
1925-07-01,22.811,0.34700000000000003,Brazil
1925-08-01,24.516,605,Brazil
1925-09-01,24.914,632,Brazil
1925-10-01,24.983,408,Brazil
1925-11-01,25.37,248,Brazil
1925-12-01,25.557,304,Brazil
1926-01-01,25.576999999999998,0.35600000000000004,Brazil
1926-02-01,25.686999999999998,285,Brazil
1926-03-01,25.695999999999998,306,Brazil
1926-04-01,24.904,422,Brazil
1926-05-01,23.936,433,Brazil
1926-06-01,24.021,319,Brazil
1926-07-01,22.748,539,Brazil
1926-08-01,24.398000000000003,248,Brazil
1926-09-01,25.868000000000002,488,Brazil
1926-10-01,25.763,311,Brazil
1926-11-01,26.114,404,Brazil
1926-12-01,25.391,226,Brazil
1927-01-01,25.428,531,Brazil
1927-02-01,25.154,239,Brazil
1927-03-01,25.303,444,Brazil
1927-04-01,24.66,285,Brazil
1927-05-01,23.76,282,Brazil
1927-06-01,22.776999999999997,485,Brazil
1927-07-01,22.57,627,Brazil
1927-08-01,24.195999999999998,0.53,Brazil
1927-09-01,25.209,366,Brazil
1927-10-01,25.639,386,Brazil
1927-11-01,26.048000000000002,0.41,Brazil
1927-12-01,25.678,334,Brazil
1928-01-01,25.455,285,Brazil
1928-02-01,25.787000000000006,398,Brazil
1928-03-01,25.639,353,Brazil
1928-04-01,25.295,358,Brazil
1928-05-01,24.46,526,Brazil
1928-06-01,23.794,326,Brazil
1928-07-01,23.199,399,Brazil
1928-08-01,23.705,0.38,Brazil
1928-09-01,25.124000000000002,0.23,Brazil
1928-10-01,25.504,198,Brazil
1928-11-01,25.954,355,Brazil
1928-12-01,25.351,316,Brazil
1929-01-01,25.5,0.62,Brazil
1929-02-01,25.236,208,Brazil
1929-03-01,25.079,0.32299999999999995,Brazil
1929-04-01,24.391,241,Brazil
1929-05-01,23.35,266,Brazil
1929-06-01,23.031,225,Brazil
1929-07-01,23.046999999999997,274,Brazil
1929-08-01,24.393,361,Brazil
1929-09-01,25.364,249,Brazil
1929-10-01,25.630000000000006,242,Brazil
1929-11-01,25.668000000000003,0.45,Brazil
1929-12-01,25.043000000000003,277,Brazil
1930-01-01,25.410999999999998,396,Brazil
1930-02-01,25.28,224,Brazil
1930-03-01,25.551,0.28800000000000003,Brazil
1930-04-01,24.526999999999997,265,Brazil
1930-05-01,24.230999999999998,267,Brazil
1930-06-01,23.905,311,Brazil
1930-07-01,23.218000000000004,325,Brazil
1930-08-01,24.447,0.3,Brazil
1930-09-01,25.074,249,Brazil
1930-10-01,25.434,333,Brazil
1930-11-01,25.484,281,Brazil
1930-12-01,25.564,289,Brazil
1931-01-01,25.96,312,Brazil
1931-02-01,25.662000000000006,229,Brazil
1931-03-01,25.499000000000002,0.36,Brazil
1931-04-01,25.125999999999998,382,Brazil
1931-05-01,23.755,444,Brazil
1931-06-01,23.0,376,Brazil
1931-07-01,23.165,374,Brazil
1931-08-01,23.908,0.3,Brazil
1931-09-01,24.911,238,Brazil
1931-10-01,25.519,229,Brazil
1931-11-01,25.449,335,Brazil
1931-12-01,25.601,313,Brazil
1932-01-01,25.045,325,Brazil
1932-02-01,25.555000000000003,361,Brazil
1932-03-01,25.358,277,Brazil
1932-04-01,25.403,364,Brazil
1932-05-01,24.201999999999998,415,Brazil
1932-06-01,23.700000000000006,302,Brazil
1932-07-01,23.705,345,Brazil
1932-08-01,24.046999999999997,311,Brazil
1932-09-01,25.324,315,Brazil
1932-10-01,25.753,272,Brazil
1932-11-01,25.964000000000002,377,Brazil
1932-12-01,25.616,307,Brazil
1933-01-01,25.46,0.29600000000000004,Brazil
1933-02-01,25.441999999999997,301,Brazil
1933-03-01,25.289,274,Brazil
1933-04-01,24.441999999999997,222,Brazil
1933-05-01,23.988000000000003,262,Brazil
1933-06-01,22.733,478,Brazil
1933-07-01,22.691,256,Brazil
1933-08-01,24.248,327,Brazil
1933-09-01,25.468000000000004,195,Brazil
1933-10-01,25.33,303,Brazil
1933-11-01,25.057,404,Brazil
1933-12-01,25.201999999999998,428,Brazil
1934-01-01,24.945,445,Brazil
1934-02-01,24.884,509,Brazil
1934-03-01,25.119,345,Brazil
1934-04-01,24.598000000000006,338,Brazil
1934-05-01,23.896,338,Brazil
1934-06-01,23.64,269,Brazil
1934-07-01,23.088,175,Brazil
1934-08-01,24.381999999999998,265,Brazil
1934-09-01,25.158,338,Brazil
1934-10-01,24.941000000000006,402,Brazil
1934-11-01,25.678,398,Brazil
1934-12-01,25.454,495,Brazil
1935-01-01,25.514000000000006,341,Brazil
1935-02-01,25.345,311,Brazil
1935-03-01,25.6,268,Brazil
1935-04-01,24.29,373,Brazil
1935-05-01,23.544,0.35600000000000004,Brazil
1935-06-01,23.809,307,Brazil
1935-07-01,23.616,416,Brazil
1935-08-01,24.162,335,Brazil
1935-09-01,25.062,0.32299999999999995,Brazil
1935-10-01,25.822000000000006,464,Brazil
1935-11-01,25.644000000000002,336,Brazil
1935-12-01,25.829,438,Brazil
1936-01-01,25.316000000000006,301,Brazil
1936-02-01,25.357000000000006,0.25,Brazil
1936-03-01,25.609,0.45,Brazil
1936-04-01,24.965,452,Brazil
1936-05-01,24.986,449,Brazil
1936-06-01,23.948,354,Brazil
1936-07-01,23.406999999999996,375,Brazil
1936-08-01,24.023000000000003,461,Brazil
1936-09-01,25.558000000000003,321,Brazil
1936-10-01,26.069000000000006,322,Brazil
1936-11-01,25.901,226,Brazil
1936-12-01,25.594,234,Brazil
1937-01-01,25.581000000000003,293,Brazil
1937-02-01,25.801,319,Brazil
1937-03-01,25.627,371,Brazil
1937-04-01,24.522,287,Brazil
1937-05-01,23.729,343,Brazil
1937-06-01,23.857000000000006,292,Brazil
1937-07-01,23.669,304,Brazil
1937-08-01,25.164,262,Brazil
1937-09-01,25.552,456,Brazil
1937-10-01,25.405,292,Brazil
1937-11-01,26.158,405,Brazil
1937-12-01,25.538,227,Brazil
1938-01-01,25.608,299,Brazil
1938-02-01,25.89,0.5710000000000001,Brazil
1938-03-01,25.372,273,Brazil
1938-04-01,24.493,515,Brazil
1938-05-01,24.209,529,Brazil
1938-06-01,23.598000000000006,377,Brazil
1938-07-01,23.561999999999998,0.38,Brazil
1938-08-01,24.186,262,Brazil
1938-09-01,25.479,0.5710000000000001,Brazil
1938-10-01,25.193,0.25,Brazil
1938-11-01,25.604,381,Brazil
1938-12-01,25.295,0.25,Brazil
1939-01-01,25.526999999999997,285,Brazil
1939-02-01,25.168000000000006,394,Brazil
1939-03-01,25.497,0.39,Brazil
1939-04-01,24.741999999999997,297,Brazil
1939-05-01,24.838,384,Brazil
1939-06-01,24.041,501,Brazil
1939-07-01,22.923000000000002,271,Brazil
1939-08-01,24.296999999999997,316,Brazil
1939-09-01,25.023000000000003,0.28800000000000003,Brazil
1939-10-01,25.581,337,Brazil
1939-11-01,25.851999999999997,0.29100000000000004,Brazil
1939-12-01,25.67,0.29600000000000004,Brazil
1940-01-01,25.425,306,Brazil
1940-02-01,25.785999999999998,231,Brazil
1940-03-01,25.588,359,Brazil
1940-04-01,25.061999999999998,0.23,Brazil
1940-05-01,24.795,218,Brazil
1940-06-01,23.886000000000006,225,Brazil
1940-07-01,24.226999999999997,301,Brazil
1940-08-01,24.381999999999998,264,Brazil
1940-09-01,25.2,0.4370000000000001,Brazil
1940-10-01,25.531999999999996,325,Brazil
1940-11-01,25.382,408,Brazil
1940-12-01,26.103,524,Brazil
1941-01-01,25.921000000000006,511,Brazil
1941-02-01,26.017000000000003,315,Brazil
1941-03-01,25.679000000000002,366,Brazil
1941-04-01,25.805999999999997,442,Brazil
1941-05-01,24.666999999999998,378,Brazil
1941-06-01,23.379,398,Brazil
1941-07-01,23.862,0.3,Brazil
1941-08-01,25.12,326,Brazil
1941-09-01,24.434,473,Brazil
1941-10-01,25.756999999999998,208,Brazil
1941-11-01,25.872,253,Brazil
1941-12-01,25.840999999999998,248,Brazil
1942-01-01,26.194000000000006,255,Brazil
1942-02-01,25.729000000000006,268,Brazil
1942-03-01,25.815,343,Brazil
1942-04-01,25.094,468,Brazil
1942-05-01,24.163,217,Brazil
1942-06-01,22.91,419,Brazil
1942-07-01,22.261999999999997,307,Brazil
1942-08-01,24.49,342,Brazil
1942-09-01,25.57,278,Brazil
1942-10-01,25.281,327,Brazil
1942-11-01,25.823,373,Brazil
1942-12-01,25.218000000000004,0.28600000000000003,Brazil
1943-01-01,25.308000000000003,247,Brazil
1943-02-01,25.391,237,Brazil
1943-03-01,25.029,381,Brazil
1943-04-01,24.111,242,Brazil
1943-05-01,24.209,637,Brazil
1943-06-01,23.58,556,Brazil
1943-07-01,23.25,488,Brazil
1943-08-01,23.209,389,Brazil
1943-09-01,24.67,324,Brazil
1943-10-01,25.528,339,Brazil
1943-11-01,25.405,404,Brazil
1943-12-01,25.011,429,Brazil
1944-01-01,25.375,0.3,Brazil
1944-02-01,25.415000000000006,192,Brazil
1944-03-01,25.453000000000003,161,Brazil
1944-04-01,24.281999999999996,205,Brazil
1944-05-01,23.978,319,Brazil
1944-06-01,23.736,279,Brazil
1944-07-01,23.215999999999998,355,Brazil
1944-08-01,24.837,625,Brazil
1944-09-01,25.511999999999997,284,Brazil
1944-10-01,25.986,359,Brazil
1944-11-01,25.517,382,Brazil
1944-12-01,25.548,0.33,Brazil
1945-01-01,25.506,0.29,Brazil
1945-02-01,25.194000000000006,226,Brazil
1945-03-01,25.535,0.2,Brazil
1945-04-01,24.788,0.18,Brazil
1945-05-01,23.147,374,Brazil
1945-06-01,22.683000000000003,454,Brazil
1945-07-01,23.314,458,Brazil
1945-08-01,25.255,0.35200000000000004,Brazil
1945-09-01,25.336,383,Brazil
1945-10-01,25.265,471,Brazil
1945-11-01,25.535,0.34,Brazil
1945-12-01,25.135,303,Brazil
1946-01-01,25.175,425,Brazil
1946-02-01,25.76,196,Brazil
1946-03-01,25.447,202,Brazil
1946-04-01,24.721,218,Brazil
1946-05-01,24.498,407,Brazil
1946-06-01,23.676,433,Brazil
1946-07-01,23.293000000000003,319,Brazil
1946-08-01,24.585,368,Brazil
1946-09-01,25.635,334,Brazil
1946-10-01,25.660999999999998,213,Brazil
1946-11-01,25.854,341,Brazil
1946-12-01,25.379,318,Brazil
1947-01-01,25.636999999999997,327,Brazil
1947-02-01,25.698,303,Brazil
1947-03-01,25.214000000000002,329,Brazil
1947-04-01,24.851,248,Brazil
1947-05-01,24.146,204,Brazil
1947-06-01,23.941999999999997,0.2,Brazil
1947-07-01,22.818,318,Brazil
1947-08-01,24.026999999999997,266,Brazil
1947-09-01,25.129,268,Brazil
1947-10-01,24.939,248,Brazil
1947-11-01,25.009,0.6809999999999999,Brazil
1947-12-01,24.939,234,Brazil
1948-01-01,25.489,324,Brazil
1948-02-01,25.566000000000006,345,Brazil
1948-03-01,25.041,207,Brazil
1948-04-01,24.695999999999998,0.28800000000000003,Brazil
1948-05-01,24.160999999999998,244,Brazil
1948-06-01,23.826,306,Brazil
1948-07-01,23.95,282,Brazil
1948-08-01,24.090999999999998,242,Brazil
1948-09-01,25.373,379,Brazil
1948-10-01,25.303,0.28600000000000003,Brazil
1948-11-01,25.483,171,Brazil
1948-12-01,25.261999999999997,276,Brazil
1949-01-01,25.144,0.3,Brazil
1949-02-01,25.051,253,Brazil
1949-03-01,25.756999999999998,389,Brazil
1949-04-01,24.136999999999997,222,Brazil
1949-05-01,23.691,149,Brazil
1949-06-01,23.855,229,Brazil
1949-07-01,23.026,473,Brazil
1949-08-01,23.899,332,Brazil
1949-09-01,25.091,313,Brazil
1949-10-01,24.906999999999996,139,Brazil
1949-11-01,25.461,181,Brazil
1949-12-01,25.383000000000003,199,Brazil
1950-01-01,25.171000000000006,0.17600000000000002,Brazil
1950-02-01,25.323,217,Brazil
1950-03-01,24.811,228,Brazil
1950-04-01,24.494,305,Brazil
1950-05-01,24.178,0.4370000000000001,Brazil
1950-06-01,23.480999999999998,0.33,Brazil
1950-07-01,23.224,213,Brazil
1950-08-01,24.281999999999996,0.5720000000000001,Brazil
1950-09-01,25.066999999999997,537,Brazil
1950-10-01,24.983,355,Brazil
1950-11-01,25.475,333,Brazil
1950-12-01,25.179,201,Brazil
1951-01-01,25.118,0.32299999999999995,Brazil
1951-02-01,25.434,0.32299999999999995,Brazil
1951-03-01,25.65,319,Brazil
1951-04-01,23.959,163,Brazil
1951-05-01,24.054000000000002,624,Brazil
1951-06-01,23.268,0.5,Brazil
1951-07-01,23.203000000000003,474,Brazil
1951-08-01,24.205,0.26,Brazil
1951-09-01,25.57,285,Brazil
1951-10-01,25.76,211,Brazil
1951-11-01,25.844,376,Brazil
1951-12-01,25.503,0.16699999999999998,Brazil
1952-01-01,25.801,327,Brazil
1952-02-01,25.874,433,Brazil
1952-03-01,25.569000000000003,248,Brazil
1952-04-01,24.268,226,Brazil
1952-05-01,24.039,262,Brazil
1952-06-01,22.854000000000006,232,Brazil
1952-07-01,23.483,159,Brazil
1952-08-01,24.706,211,Brazil
1952-09-01,25.101999999999997,267,Brazil
1952-10-01,25.506999999999998,0.16,Brazil
1952-11-01,25.586,145,Brazil
1952-12-01,25.430999999999997,327,Brazil
1953-01-01,25.604000000000006,297,Brazil
1953-02-01,25.671999999999997,223,Brazil
1953-03-01,25.508000000000003,267,Brazil
1953-04-01,24.585,181,Brazil
1953-05-01,24.529,195,Brazil
1953-06-01,23.604000000000006,211,Brazil
1953-07-01,22.596,224,Brazil
1953-08-01,25.07,155,Brazil
1953-09-01,25.835,503,Brazil
1953-10-01,25.498,421,Brazil
1953-11-01,25.849,212,Brazil
1953-12-01,25.596999999999998,269,Brazil
1954-01-01,25.569000000000006,238,Brazil
1954-02-01,25.645000000000003,297,Brazil
1954-03-01,25.32,239,Brazil
1954-04-01,24.936,0.28300000000000003,Brazil
1954-05-01,24.076999999999998,194,Brazil
1954-06-01,23.804,206,Brazil
1954-07-01,23.173000000000002,197,Brazil
1954-08-01,24.412,282,Brazil
1954-09-01,25.801,0.29100000000000004,Brazil
1954-10-01,25.615,222,Brazil
1954-11-01,25.807,299,Brazil
1954-12-01,25.445,177,Brazil
1955-01-01,25.285999999999998,198,Brazil
1955-02-01,25.456000000000003,324,Brazil
1955-03-01,25.336,355,Brazil
1955-04-01,24.621,191,Brazil
1955-05-01,23.930999999999997,251,Brazil
1955-06-01,23.73,0.24,Brazil
1955-07-01,22.531999999999996,258,Brazil
1955-08-01,24.441999999999997,251,Brazil
1955-09-01,25.693,241,Brazil
1955-10-01,25.459,193,Brazil
1955-11-01,25.53,259,Brazil
1955-12-01,25.17,0.35100000000000003,Brazil
1956-01-01,25.348000000000006,309,Brazil
1956-02-01,25.15,256,Brazil
1956-03-01,25.351,231,Brazil
1956-04-01,24.308000000000003,307,Brazil
1956-05-01,23.500999999999998,279,Brazil
1956-06-01,22.659,294,Brazil
1956-07-01,23.293000000000003,243,Brazil
1956-08-01,23.485,223,Brazil
1956-09-01,25.351999999999997,275,Brazil
1956-10-01,25.154,378,Brazil
1956-11-01,25.052,328,Brazil
1956-12-01,25.103,332,Brazil
1957-01-01,24.859,302,Brazil
1957-02-01,25.331999999999997,0.31,Brazil
1957-03-01,25.156999999999996,421,Brazil
1957-04-01,24.269,287,Brazil
1957-05-01,24.406,191,Brazil
1957-06-01,23.684,429,Brazil
1957-07-01,22.859,438,Brazil
1957-08-01,24.572,0.6729999999999999,Brazil
1957-09-01,25.061,745,Brazil
1957-10-01,25.719,366,Brazil
1957-11-01,25.75,284,Brazil
1957-12-01,25.955,388,Brazil
1958-01-01,26.089,409,Brazil
1958-02-01,26.246,396,Brazil
1958-03-01,25.785999999999998,162,Brazil
1958-04-01,24.865,287,Brazil
1958-05-01,24.348000000000003,0.35,Brazil
1958-06-01,24.241999999999997,342,Brazil
1958-07-01,24.366999999999997,338,Brazil
1958-08-01,24.13,313,Brazil
1958-09-01,25.662,0.14400000000000002,Brazil
1958-10-01,25.616,371,Brazil
1958-11-01,25.92,273,Brazil
1958-12-01,25.945999999999998,0.29,Brazil
1959-01-01,25.723000000000006,438,Brazil
1959-02-01,25.747,191,Brazil
1959-03-01,25.357,333,Brazil
1959-04-01,25.415,275,Brazil
1959-05-01,24.469,207,Brazil
1959-06-01,23.633000000000006,223,Brazil
1959-07-01,24.044,417,Brazil
1959-08-01,24.625,354,Brazil
1959-09-01,25.627,269,Brazil
1959-10-01,25.801,411,Brazil
1959-11-01,25.548000000000002,218,Brazil
1959-12-01,25.898000000000003,249,Brazil
1960-01-01,25.515,321,Brazil
1960-02-01,25.44,243,Brazil
1960-03-01,25.284000000000002,282,Brazil
1960-04-01,24.488000000000003,362,Brazil
1960-05-01,23.393,0.42,Brazil
1960-06-01,23.380000000000006,537,Brazil
1960-07-01,23.386,519,Brazil
1960-08-01,24.153,441,Brazil
1960-09-01,25.369,202,Brazil
1960-10-01,25.694000000000006,343,Brazil
1960-11-01,25.528000000000002,0.3,Brazil
1960-12-01,25.401999999999997,238,Brazil
1961-01-01,25.548,269,Brazil
1961-02-01,25.294,241,Brazil
1961-03-01,25.55,0.17800000000000002,Brazil
1961-04-01,25.147,338,Brazil
1961-05-01,24.479,279,Brazil
1961-06-01,23.34,307,Brazil
1961-07-01,23.386999999999997,203,Brazil
1961-08-01,25.153,258,Brazil
1961-09-01,26.283,0.21600000000000005,Brazil
1961-10-01,25.933000000000003,271,Brazil
1961-11-01,26.21,247,Brazil
1961-12-01,25.433000000000003,295,Brazil
1962-01-01,25.529,229,Brazil
1962-02-01,25.689,237,Brazil
1962-03-01,25.497,191,Brazil
1962-04-01,24.666999999999998,361,Brazil
1962-05-01,23.94,217,Brazil
1962-06-01,23.011000000000006,552,Brazil
1962-07-01,22.679000000000002,292,Brazil
1962-08-01,24.480999999999998,248,Brazil
1962-09-01,25.772,187,Brazil
1962-10-01,25.2,396,Brazil
1962-11-01,25.981,128,Brazil
1962-12-01,25.662,163,Brazil
1963-01-01,25.655,0.16399999999999998,Brazil
1963-02-01,25.308000000000003,413,Brazil
1963-03-01,25.616999999999997,0.28600000000000003,Brazil
1963-04-01,24.916999999999998,244,Brazil
1963-05-01,23.908,223,Brazil
1963-06-01,23.136000000000006,0.38,Brazil
1963-07-01,23.474,242,Brazil
1963-08-01,24.851999999999997,263,Brazil
1963-09-01,26.152,0.28300000000000003,Brazil
1963-10-01,26.89,277,Brazil
1963-11-01,26.413,488,Brazil
1963-12-01,25.737,209,Brazil
1964-01-01,25.686,259,Brazil
1964-02-01,25.698,209,Brazil
1964-03-01,25.403000000000002,197,Brazil
1964-04-01,25.065,226,Brazil
1964-05-01,23.936999999999998,227,Brazil
1964-06-01,22.976000000000006,336,Brazil
1964-07-01,22.883000000000003,0.23,Brazil
1964-08-01,24.738000000000003,269,Brazil
1964-09-01,25.26,257,Brazil
1964-10-01,24.935,396,Brazil
1964-11-01,25.153000000000002,208,Brazil
1964-12-01,25.075,262,Brazil
1965-01-01,25.225,174,Brazil
1965-02-01,25.511999999999997,314,Brazil
1965-03-01,24.703000000000003,324,Brazil
1965-04-01,24.576,189,Brazil
1965-05-01,24.294,358,Brazil
1965-06-01,23.894,409,Brazil
1965-07-01,23.425,303,Brazil
1965-08-01,24.755,192,Brazil
1965-09-01,25.862,0.28800000000000003,Brazil
1965-10-01,25.747,316,Brazil
1965-11-01,25.891,424,Brazil
1965-12-01,25.921999999999997,273,Brazil
1966-01-01,25.968000000000004,212,Brazil
1966-02-01,25.689,165,Brazil
1966-03-01,25.631999999999998,292,Brazil
1966-04-01,24.939,165,Brazil
1966-05-01,24.406,0.26,Brazil
1966-06-01,23.868,206,Brazil
1966-07-01,23.581,448,Brazil
1966-08-01,24.219,0.16899999999999998,Brazil
1966-09-01,25.024,321,Brazil
1966-10-01,25.944000000000006,238,Brazil
1966-11-01,25.822,209,Brazil
1966-12-01,25.945,171,Brazil
1967-01-01,25.594,109,Brazil
1967-02-01,25.340999999999998,184,Brazil
1967-03-01,25.19,219,Brazil
1967-04-01,24.699,233,Brazil
1967-05-01,24.638,207,Brazil
1967-06-01,23.32,263,Brazil
1967-07-01,23.5,452,Brazil
1967-08-01,24.984,377,Brazil
1967-09-01,25.93,225,Brazil
1967-10-01,25.894,183,Brazil
1967-11-01,25.551,254,Brazil
1967-12-01,25.523000000000003,269,Brazil
1968-01-01,25.448,161,Brazil
1968-02-01,25.083,199,Brazil
1968-03-01,25.054000000000002,278,Brazil
1968-04-01,24.078000000000003,235,Brazil
1968-05-01,22.964000000000002,0.17800000000000002,Brazil
1968-06-01,23.16,0.35,Brazil
1968-07-01,23.377,192,Brazil
1968-08-01,24.3,195,Brazil
1968-09-01,24.886,0.27,Brazil
1968-10-01,25.666999999999998,329,Brazil
1968-11-01,26.072,152,Brazil
1968-12-01,25.486,267,Brazil
1969-01-01,25.723000000000006,204,Brazil
1969-02-01,26.043000000000006,0.32299999999999995,Brazil
1969-03-01,25.765,175,Brazil
1969-04-01,25.164,0.33,Brazil
1969-05-01,24.795,225,Brazil
1969-06-01,23.96,289,Brazil
1969-07-01,23.618000000000002,0.26,Brazil
1969-08-01,24.675,239,Brazil
1969-09-01,26.037,198,Brazil
1969-10-01,25.723000000000006,122,Brazil
1969-11-01,26.354,202,Brazil
1969-12-01,25.535999999999998,314,Brazil
1970-01-01,25.695999999999998,196,Brazil
1970-02-01,25.733,256,Brazil
1970-03-01,25.601999999999997,279,Brazil
1970-04-01,25.193,326,Brazil
1970-05-01,24.811,311,Brazil
1970-06-01,24.055999999999997,281,Brazil
1970-07-01,23.499000000000002,242,Brazil
1970-08-01,24.572,227,Brazil
1970-09-01,25.444000000000003,153,Brazil
1970-10-01,25.828000000000003,0.29100000000000004,Brazil
1970-11-01,25.729,248,Brazil
1970-12-01,26.13,315,Brazil
1971-01-01,25.641,442,Brazil
1971-02-01,25.116000000000003,209,Brazil
1971-03-01,25.237,196,Brazil
1971-04-01,24.319000000000006,297,Brazil
1971-05-01,23.673,0.43,Brazil
1971-06-01,23.101999999999997,0.14300000000000002,Brazil
1971-07-01,23.375999999999998,219,Brazil
1971-08-01,24.314,0.28300000000000003,Brazil
1971-09-01,25.156,234,Brazil
1971-10-01,24.708,344,Brazil
1971-11-01,25.136999999999997,274,Brazil
1971-12-01,25.523000000000003,0.29,Brazil
1972-01-01,25.14,312,Brazil
1972-02-01,25.146,189,Brazil
1972-03-01,25.416999999999998,158,Brazil
1972-04-01,24.311,222,Brazil
1972-05-01,24.64,156,Brazil
1972-06-01,24.467,232,Brazil
1972-07-01,23.909000000000002,308,Brazil
1972-08-01,24.61,267,Brazil
1972-09-01,25.577,262,Brazil
1972-10-01,25.859,355,Brazil
1972-11-01,26.175,223,Brazil
1972-12-01,25.916999999999998,221,Brazil
1973-01-01,26.276999999999997,211,Brazil
1973-02-01,26.156999999999996,189,Brazil
1973-03-01,25.962,373,Brazil
1973-04-01,25.616999999999997,0.21600000000000005,Brazil
1973-05-01,24.326999999999998,272,Brazil
1973-06-01,24.462,161,Brazil
1973-07-01,23.57,278,Brazil
1973-08-01,24.465,0.29,Brazil
1973-09-01,25.127,211,Brazil
1973-10-01,25.308000000000003,0.21600000000000005,Brazil
1973-11-01,25.511999999999997,132,Brazil
1973-12-01,25.250999999999998,181,Brazil
1974-01-01,25.116000000000003,209,Brazil
1974-02-01,25.266,235,Brazil
1974-03-01,24.726,244,Brazil
1974-04-01,24.405,108,Brazil
1974-05-01,24.063000000000002,225,Brazil
1974-06-01,23.289,203,Brazil
1974-07-01,23.176,215,Brazil
1974-08-01,24.394,219,Brazil
1974-09-01,25.135,223,Brazil
1974-10-01,25.076999999999998,126,Brazil
1974-11-01,25.524,337,Brazil
1974-12-01,24.807,155,Brazil
1975-01-01,25.113000000000003,97,Brazil
1975-02-01,25.241000000000003,0.16399999999999998,Brazil
1975-03-01,25.334,211,Brazil
1975-04-01,24.483,172,Brazil
1975-05-01,23.796,151,Brazil
1975-06-01,23.535,311,Brazil
1975-07-01,22.693,292,Brazil
1975-08-01,24.549,344,Brazil
1975-09-01,25.382,0.31,Brazil
1975-10-01,25.391,222,Brazil
1975-11-01,25.337,121,Brazil
1975-12-01,25.267,134,Brazil
1976-01-01,25.322000000000006,139,Brazil
1976-02-01,24.857000000000006,0.12,Brazil
1976-03-01,24.866999999999997,268,Brazil
1976-04-01,24.489,193,Brazil
1976-05-01,24.151999999999997,374,Brazil
1976-06-01,23.308000000000003,336,Brazil
1976-07-01,23.581999999999997,0.45,Brazil
1976-08-01,24.773000000000003,212,Brazil
1976-09-01,24.981,326,Brazil
1976-10-01,25.276,234,Brazil
1976-11-01,25.403000000000002,165,Brazil
1976-12-01,25.618,222,Brazil
1977-01-01,25.449,154,Brazil
1977-02-01,25.393,228,Brazil
1977-03-01,25.807,0.18600000000000005,Brazil
1977-04-01,24.839,118,Brazil
1977-05-01,23.97,268,Brazil
1977-06-01,23.791999999999998,223,Brazil
1977-07-01,24.552,0.21600000000000005,Brazil
1977-08-01,24.984,313,Brazil
1977-09-01,25.577,0.18600000000000005,Brazil
1977-10-01,25.715,213,Brazil
1977-11-01,25.926,124,Brazil
1977-12-01,25.584,382,Brazil
1978-01-01,25.570999999999998,183,Brazil
1978-02-01,25.884,149,Brazil
1978-03-01,25.488000000000003,208,Brazil
1978-04-01,24.755000000000006,219,Brazil
1978-05-01,24.054000000000002,219,Brazil
1978-06-01,23.426,0.22,Brazil
1978-07-01,24.145,0.34,Brazil
1978-08-01,23.85,258,Brazil
1978-09-01,25.245,212,Brazil
1978-10-01,25.739,152,Brazil
1978-11-01,25.792,0.21,Brazil
1978-12-01,25.180999999999997,223,Brazil
1979-01-01,25.201999999999998,218,Brazil
1979-02-01,25.397,174,Brazil
1979-03-01,25.374000000000002,165,Brazil
1979-04-01,24.732,236,Brazil
1979-05-01,24.331999999999997,313,Brazil
1979-06-01,23.081,127,Brazil
1979-07-01,23.66,201,Brazil
1979-08-01,25.052,285,Brazil
1979-09-01,25.034000000000002,215,Brazil
1979-10-01,25.984,187,Brazil
1979-11-01,25.701,187,Brazil
1979-12-01,25.783,138,Brazil
1980-01-01,25.487,149,Brazil
1980-02-01,25.456999999999997,226,Brazil
1980-03-01,25.759,228,Brazil
1980-04-01,25.189,301,Brazil
1980-05-01,24.871,0.31,Brazil
1980-06-01,23.861,184,Brazil
1980-07-01,23.875999999999998,0.26,Brazil
1980-08-01,24.979,262,Brazil
1980-09-01,25.163,0.16899999999999998,Brazil
1980-10-01,25.96,112,Brazil
1980-11-01,25.502,154,Brazil
1980-12-01,25.671999999999997,136,Brazil
1981-01-01,25.435,0.14800000000000002,Brazil
1981-02-01,25.605999999999998,208,Brazil
1981-03-01,25.663,0.14800000000000002,Brazil
1981-04-01,25.177,197,Brazil
1981-05-01,24.796,319,Brazil
1981-06-01,23.384,214,Brazil
1981-07-01,22.819000000000003,444,Brazil
1981-08-01,24.738000000000003,261,Brazil
1981-09-01,25.219,184,Brazil
1981-10-01,25.318,232,Brazil
1981-11-01,25.908,197,Brazil
1981-12-01,25.738000000000003,259,Brazil
1982-01-01,25.379,226,Brazil
1982-02-01,25.603,132,Brazil
1982-03-01,25.568,184,Brazil
1982-04-01,24.781999999999996,172,Brazil
1982-05-01,24.329,243,Brazil
1982-06-01,24.296,299,Brazil
1982-07-01,24.366,374,Brazil
1982-08-01,24.939,0.17600000000000002,Brazil
1982-09-01,25.491,151,Brazil
1982-10-01,25.825,272,Brazil
1982-11-01,26.344,304,Brazil
1982-12-01,25.842,0.28300000000000003,Brazil
1983-01-01,26.293000000000006,184,Brazil
1983-02-01,26.290000000000006,274,Brazil
1983-03-01,25.842,211,Brazil
1983-04-01,25.708,273,Brazil
1983-05-01,25.518,226,Brazil
1983-06-01,23.758000000000006,316,Brazil
1983-07-01,24.256999999999998,205,Brazil
1983-08-01,24.548,0.29100000000000004,Brazil
1983-09-01,25.381,319,Brazil
1983-10-01,25.366,218,Brazil
1983-11-01,25.73,133,Brazil
1983-12-01,25.518,273,Brazil
1984-01-01,25.678,189,Brazil
1984-02-01,25.909,229,Brazil
1984-03-01,25.721999999999998,211,Brazil
1984-04-01,24.579,123,Brazil
1984-05-01,24.88,0.16399999999999998,Brazil
1984-06-01,23.814,158,Brazil
1984-07-01,24.025,269,Brazil
1984-08-01,24.143,0.19,Brazil
1984-09-01,24.946,141,Brazil
1984-10-01,26.008000000000006,237,Brazil
1984-11-01,25.958000000000002,247,Brazil
1984-12-01,25.656999999999996,0.18600000000000005,Brazil
1985-01-01,25.249,257,Brazil
1985-02-01,25.612,325,Brazil
1985-03-01,25.674,199,Brazil
1985-04-01,25.03,336,Brazil
1985-05-01,24.543000000000003,142,Brazil
1985-06-01,23.035999999999998,297,Brazil
1985-07-01,23.340999999999998,175,Brazil
1985-08-01,24.444000000000003,228,Brazil
1985-09-01,25.465,264,Brazil
1985-10-01,25.691000000000006,0.17600000000000002,Brazil
1985-11-01,25.93,132,Brazil
1985-12-01,25.573,314,Brazil
1986-01-01,25.554,184,Brazil
1986-02-01,25.584000000000003,233,Brazil
1986-03-01,25.351999999999997,209,Brazil
1986-04-01,25.441000000000006,158,Brazil
1986-05-01,24.939,232,Brazil
1986-06-01,23.790000000000006,0.29,Brazil
1986-07-01,23.516,149,Brazil
1986-08-01,25.004,154,Brazil
1986-09-01,25.155,292,Brazil
1986-10-01,25.378,0.12,Brazil
1986-11-01,26.051,0.17600000000000002,Brazil
1986-12-01,25.808000000000003,202,Brazil
1987-01-01,25.886999999999997,0.23,Brazil
1987-02-01,25.959000000000003,209,Brazil
1987-03-01,25.619,199,Brazil
1987-04-01,25.645,129,Brazil
1987-05-01,24.639,141,Brazil
1987-06-01,23.918000000000006,257,Brazil
1987-07-01,24.989,0.27,Brazil
1987-08-01,24.83,265,Brazil
1987-09-01,25.927,212,Brazil
1987-10-01,26.579,203,Brazil
1987-11-01,26.482,172,Brazil
1987-12-01,26.287,183,Brazil
1988-01-01,26.204,151,Brazil
1988-02-01,25.947000000000006,0.14400000000000002,Brazil
1988-03-01,26.076999999999998,182,Brazil
1988-04-01,25.265,145,Brazil
1988-05-01,24.462,119,Brazil
1988-06-01,23.320999999999998,182,Brazil
1988-07-01,22.924,277,Brazil
1988-08-01,24.803,269,Brazil
1988-09-01,26.07,0.22,Brazil
1988-10-01,25.843000000000004,214,Brazil
1988-11-01,25.751,0.16899999999999998,Brazil
1988-12-01,25.461,194,Brazil
1989-01-01,25.268,173,Brazil
1989-02-01,25.399,133,Brazil
1989-03-01,25.340999999999998,128,Brazil
1989-04-01,25.068,0.21600000000000005,Brazil
1989-05-01,23.86,197,Brazil
1989-06-01,23.816999999999997,183,Brazil
1989-07-01,23.064,388,Brazil
1989-08-01,24.666,311,Brazil
1989-09-01,25.367,159,Brazil
1989-10-01,25.434,0.25,Brazil
1989-11-01,25.923000000000002,0.2,Brazil
1989-12-01,25.25,185,Brazil
1990-01-01,25.805999999999997,191,Brazil
1990-02-01,25.541,0.17,Brazil
1990-03-01,26.03,194,Brazil
1990-04-01,25.693,138,Brazil
1990-05-01,24.453000000000003,163,Brazil
1990-06-01,23.863000000000003,0.35600000000000004,Brazil
1990-07-01,23.215999999999998,96,Brazil
1990-08-01,24.669,0.29100000000000004,Brazil
1990-09-01,25.125,267,Brazil
1990-10-01,26.392,263,Brazil
1990-11-01,26.534000000000002,267,Brazil
1990-12-01,25.976999999999997,211,Brazil
1991-01-01,25.638,114,Brazil
1991-02-01,26.004,132,Brazil
1991-03-01,25.706,231,Brazil
1991-04-01,25.233,156,Brazil
1991-05-01,24.816,136,Brazil
1991-06-01,24.130000000000006,138,Brazil
1991-07-01,23.583000000000002,0.14,Brazil
1991-08-01,24.502,269,Brazil
1991-09-01,25.678,188,Brazil
1991-10-01,25.826999999999998,86,Brazil
1991-11-01,26.103,149,Brazil
1991-12-01,26.285999999999998,177,Brazil
1992-01-01,26.015,185,Brazil
1992-02-01,25.680000000000003,256,Brazil
1992-03-01,25.741,188,Brazil
1992-04-01,25.531999999999996,293,Brazil
1992-05-01,25.410999999999998,0.16399999999999998,Brazil
1992-06-01,24.726999999999997,276,Brazil
1992-07-01,23.313000000000002,0.17800000000000002,Brazil
1992-08-01,24.552,201,Brazil
1992-09-01,25.03,316,Brazil
1992-10-01,25.815,151,Brazil
1992-11-01,25.604,215,Brazil
1992-12-01,25.596,328,Brazil
1993-01-01,25.879,0.28,Brazil
1993-02-01,25.357000000000006,165,Brazil
1993-03-01,25.973000000000003,195,Brazil
1993-04-01,25.454,145,Brazil
1993-05-01,24.721,324,Brazil
1993-06-01,23.994,0.16,Brazil
1993-07-01,23.908,258,Brazil
1993-08-01,24.625,295,Brazil
1993-09-01,25.798000000000002,141,Brazil
1993-10-01,26.269,0.16699999999999998,Brazil
1993-11-01,26.287,261,Brazil
1993-12-01,25.994,0.13,Brazil
1994-01-01,25.579,197,Brazil
1994-02-01,25.825000000000006,124,Brazil
1994-03-01,25.555999999999997,0.16399999999999998,Brazil
1994-04-01,25.304,239,Brazil
1994-05-01,25.206,0.16699999999999998,Brazil
1994-06-01,23.906,255,Brazil
1994-07-01,23.805999999999997,192,Brazil
1994-08-01,24.819000000000003,0.14300000000000002,Brazil
1994-09-01,26.187,139,Brazil
1994-10-01,26.493,0.16,Brazil
1994-11-01,26.479,279,Brazil
1994-12-01,26.296,243,Brazil
1995-01-01,26.131,308,Brazil
1995-02-01,25.8,179,Brazil
1995-03-01,26.070999999999998,154,Brazil
1995-04-01,25.076999999999998,234,Brazil
1995-05-01,24.535,166,Brazil
1995-06-01,24.184,289,Brazil
1995-07-01,24.763,297,Brazil
1995-08-01,25.566999999999997,0.13699999999999998,Brazil
1995-09-01,26.359,266,Brazil
1995-10-01,26.25,0.06,Brazil
1995-11-01,25.929000000000002,174,Brazil
1995-12-01,25.987,182,Brazil
1996-01-01,25.814,161,Brazil
1996-02-01,26.125,174,Brazil
1996-03-01,25.723000000000003,107,Brazil
1996-04-01,25.326,121,Brazil
1996-05-01,24.732,0.16899999999999998,Brazil
1996-06-01,23.393,236,Brazil
1996-07-01,23.736,267,Brazil
1996-08-01,25.201,246,Brazil
1996-09-01,25.765,0.14400000000000002,Brazil
1996-10-01,26.083,106,Brazil
1996-11-01,25.857,139,Brazil
1996-12-01,26.299,0.16,Brazil
1997-01-01,25.630000000000006,151,Brazil
1997-02-01,25.746,0.17800000000000002,Brazil
1997-03-01,25.261999999999997,256,Brazil
1997-04-01,24.938,159,Brazil
1997-05-01,24.398000000000003,0.12,Brazil
1997-06-01,24.205,125,Brazil
1997-07-01,24.342,0.18,Brazil
1997-08-01,24.971999999999998,0.21,Brazil
1997-09-01,26.779,299,Brazil
1997-10-01,26.881,146,Brazil
1997-11-01,26.921,95,Brazil
1997-12-01,26.639,126,Brazil
1998-01-01,26.700000000000006,235,Brazil
1998-02-01,26.904000000000003,0.16699999999999998,Brazil
1998-03-01,26.67,191,Brazil
1998-04-01,26.504,213,Brazil
1998-05-01,25.12,138,Brazil
1998-06-01,24.245,0.13699999999999998,Brazil
1998-07-01,24.831,234,Brazil
1998-08-01,25.840999999999998,159,Brazil
1998-09-01,26.188000000000002,179,Brazil
1998-10-01,26.413,119,Brazil
1998-11-01,25.954,232,Brazil
1998-12-01,26.135,117,Brazil
1999-01-01,25.923,124,Brazil
1999-02-01,25.991000000000003,174,Brazil
1999-03-01,25.795,126,Brazil
1999-04-01,25.094,109,Brazil
1999-05-01,24.154,0.16699999999999998,Brazil
1999-06-01,24.034,94,Brazil
1999-07-01,24.096,155,Brazil
1999-08-01,24.743,237,Brazil
1999-09-01,26.109,172,Brazil
1999-10-01,25.921999999999997,157,Brazil
1999-11-01,25.723000000000003,87,Brazil
1999-12-01,25.855,141,Brazil
2000-01-01,25.653,155,Brazil
2000-02-01,25.463,162,Brazil
2000-03-01,25.445999999999998,187,Brazil
2000-04-01,25.101999999999997,92,Brazil
2000-05-01,24.614,0.21600000000000005,Brazil
2000-06-01,24.268,246,Brazil
2000-07-01,23.17,0.17800000000000002,Brazil
2000-08-01,25.11,195,Brazil
2000-09-01,25.381,134,Brazil
2000-10-01,26.393,134,Brazil
2000-11-01,25.916,98,Brazil
2000-12-01,25.842,184,Brazil
2001-01-01,25.55,171,Brazil
2001-02-01,25.881,227,Brazil
2001-03-01,25.881999999999998,138,Brazil
2001-04-01,25.82,175,Brazil
2001-05-01,24.84,175,Brazil
2001-06-01,23.497,225,Brazil
2001-07-01,24.344,0.14300000000000002,Brazil
2001-08-01,25.441,182,Brazil
2001-09-01,26.014,142,Brazil
2001-10-01,26.253,129,Brazil
2001-11-01,26.507,168,Brazil
2001-12-01,26.024,0.16399999999999998,Brazil
2002-01-01,25.837000000000003,199,Brazil
2002-02-01,25.868,133,Brazil
2002-03-01,26.311,161,Brazil
2002-04-01,25.881,115,Brazil
2002-05-01,25.363000000000003,211,Brazil
2002-06-01,24.241999999999997,0.21,Brazil
2002-07-01,24.514,171,Brazil
2002-08-01,25.774,157,Brazil
2002-09-01,25.908,152,Brazil
2002-10-01,26.956,155,Brazil
2002-11-01,26.583000000000002,126,Brazil
2002-12-01,26.366999999999997,139,Brazil
2003-01-01,26.392000000000003,153,Brazil
2003-02-01,26.130000000000006,231,Brazil
2003-03-01,25.930999999999997,129,Brazil
2003-04-01,25.594,276,Brazil
2003-05-01,24.814,172,Brazil
2003-06-01,24.706,315,Brazil
2003-07-01,24.305,327,Brazil
2003-08-01,24.744,297,Brazil
2003-09-01,25.812,247,Brazil
2003-10-01,26.206,248,Brazil
2003-11-01,26.278000000000002,0.18600000000000005,Brazil
2003-12-01,26.54,192,Brazil
2004-01-01,25.956999999999997,272,Brazil
2004-02-01,25.584000000000003,0.2,Brazil
2004-03-01,25.896,199,Brazil
2004-04-01,25.816000000000006,0.13699999999999998,Brazil
2004-05-01,24.316,179,Brazil
2004-06-01,24.02,248,Brazil
2004-07-01,23.899,0.17,Brazil
2004-08-01,25.054,194,Brazil
2004-09-01,26.314,189,Brazil
2004-10-01,26.243,226,Brazil
2004-11-01,26.486,185,Brazil
2004-12-01,26.373,177,Brazil
2005-01-01,26.486,184,Brazil
2005-02-01,26.28,136,Brazil
2005-03-01,26.19,122,Brazil
2005-04-01,25.831999999999997,231,Brazil
2005-05-01,25.259,209,Brazil
2005-06-01,24.962,189,Brazil
2005-07-01,24.159000000000002,0.14,Brazil
2005-08-01,25.713,153,Brazil
2005-09-01,25.746,0.14,Brazil
2005-10-01,26.794,139,Brazil
2005-11-01,26.535,147,Brazil
2005-12-01,25.715999999999998,175,Brazil
2006-01-01,26.185,249,Brazil
2006-02-01,26.06,147,Brazil
2006-03-01,26.034000000000002,187,Brazil
2006-04-01,25.19,297,Brazil
2006-05-01,23.965,402,Brazil
2006-06-01,24.064,306,Brazil
2006-07-01,24.494,207,Brazil
2006-08-01,25.471999999999998,275,Brazil
2006-09-01,25.995,235,Brazil
2006-10-01,26.301,159,Brazil
2006-11-01,26.152,153,Brazil
2006-12-01,26.291999999999998,215,Brazil
2007-01-01,26.409,0.14,Brazil
2007-02-01,26.026000000000003,0.17600000000000002,Brazil
2007-03-01,26.112,156,Brazil
2007-04-01,25.75,198,Brazil
2007-05-01,24.519000000000002,153,Brazil
2007-06-01,24.378,165,Brazil
2007-07-01,24.199,94,Brazil
2007-08-01,24.906999999999996,211,Brazil
2007-09-01,26.539,247,Brazil
2007-10-01,26.689,114,Brazil
2007-11-01,26.475,0.17800000000000002,Brazil
2007-12-01,26.013,0.17600000000000002,Brazil
2008-01-01,25.561,153,Brazil
2008-02-01,25.565,131,Brazil
2008-03-01,25.421999999999997,218,Brazil
2008-04-01,25.160999999999998,171,Brazil
2008-05-01,24.206,0.14300000000000002,Brazil
2008-06-01,23.674,139,Brazil
2008-07-01,24.529,0.12,Brazil
2008-08-01,25.781,0.16899999999999998,Brazil
2008-09-01,26.046999999999997,252,Brazil
2008-10-01,26.678,171,Brazil
2008-11-01,26.508000000000003,0.14800000000000002,Brazil
2008-12-01,25.791999999999998,136,Brazil
2009-01-01,25.858,0.09,Brazil
2009-02-01,25.796000000000006,0.17,Brazil
2009-03-01,26.03,163,Brazil
2009-04-01,25.26,0.21,Brazil
2009-05-01,24.671999999999997,174,Brazil
2009-06-01,23.625999999999998,224,Brazil
2009-07-01,24.375,0.17800000000000002,Brazil
2009-08-01,25.474,193,Brazil
2009-09-01,26.54,251,Brazil
2009-10-01,26.427,168,Brazil
2009-11-01,27.151,246,Brazil
2009-12-01,25.998,161,Brazil
2010-01-01,26.206000000000003,149,Brazil
2010-02-01,26.802,106,Brazil
2010-03-01,26.728,111,Brazil
2010-04-01,25.654,158,Brazil
2010-05-01,25.015,141,Brazil
2010-06-01,24.59,208,Brazil
2010-07-01,24.27,173,Brazil
2010-08-01,25.101,173,Brazil
2010-09-01,26.642,174,Brazil
2010-10-01,26.483,152,Brazil
2010-11-01,26.22,116,Brazil
2010-12-01,26.038,235,Brazil
2011-01-01,25.636999999999997,236,Brazil
2011-02-01,25.659,189,Brazil
2011-03-01,25.497,154,Brazil
2011-04-01,25.313,204,Brazil
2011-05-01,24.551,0.19,Brazil
2011-06-01,24.235,257,Brazil
2011-07-01,24.4,153,Brazil
2011-08-01,25.565,166,Brazil
2011-09-01,26.373,202,Brazil
2011-10-01,26.024,92,Brazil
2011-11-01,25.886999999999997,279,Brazil
2011-12-01,26.006,336,Brazil
2012-01-01,25.399,0.35,Brazil
2012-02-01,25.653,221,Brazil
2012-03-01,25.783,147,Brazil
2012-04-01,25.675,0.17,Brazil
2012-05-01,24.891,0.17800000000000002,Brazil
2012-06-01,24.578000000000007,159,Brazil
2012-07-01,24.171,241,Brazil
2012-08-01,25.349,276,Brazil
2012-09-01,26.728,197,Brazil
2012-10-01,27.12,314,Brazil
2012-11-01,26.683000000000003,234,Brazil
2012-12-01,26.575,285,Brazil
2013-01-01,26.239,301,Brazil
2013-02-01,26.217,331,Brazil
2013-03-01,26.233,278,Brazil
2013-04-01,25.464,253,Brazil
2013-05-01,24.906,236,Brazil
2013-06-01,24.788,251,Brazil
2013-07-01,24.202,201,Brazil
2013-08-01,24.736,247,Brazil
2013-09-01,,,Brazil
